threshold,layer,kv_head,action,selected_budget,budget_fraction,quality,direct_val_r2,fitv_val_r2,reason
0.451,0,0,full,1536,1,1,,,below_threshold
0.451,0,1,full,1536,1,1,,,below_threshold
0.451,0,2,full,1536,1,1,,,below_threshold
0.451,0,3,full,1536,1,1,,,below_threshold
0.451,0,4,full,1536,1,1,,,below_threshold
0.451,0,5,full,1536,1,1,,,below_threshold
0.451,0,6,full,1536,1,1,,,below_threshold
0.451,0,7,full,1536,1,1,,,below_threshold
0.451,1,0,full,1536,1,1,,,below_threshold
0.451,1,1,full,1536,1,1,,,below_threshold
0.451,1,2,full,1536,1,1,,,below_threshold
0.451,1,3,full,1536,1,1,,,below_threshold
0.451,1,4,full,1536,1,1,,,below_threshold
0.451,1,5,full,1536,1,1,,,below_threshold
0.451,1,6,full,1536,1,1,,,below_threshold
0.451,1,7,full,1536,1,1,,,below_threshold
0.451,2,0,full,1536,1,1,,,below_threshold
0.451,2,1,full,1536,1,1,,,below_threshold
0.451,2,2,full,1536,1,1,,,below_threshold
0.451,2,3,full,1536,1,1,,,below_threshold
0.451,2,4,full,1536,1,1,,,below_threshold
0.451,2,5,full,1536,1,1,,,constrained_out
0.451,2,6,full,1536,1,1,,,below_threshold
0.451,2,7,full,1536,1,1,,,drop_l2_h7
0.451,3,0,compact,64,0.0416667,0.477479,-1.31255,0.477479,meets_threshold
0.451,3,1,full,1536,1,1,,,below_threshold
0.451,3,2,full,1536,1,1,,,below_threshold
0.451,3,3,full,1536,1,1,,,below_threshold
0.451,3,4,full,1536,1,1,,,below_threshold
0.451,3,5,full,1536,1,1,,,below_threshold
0.451,3,6,full,1536,1,1,,,constrained_out
0.451,3,7,full,1536,1,1,,,constrained_out
0.451,4,0,full,1536,1,1,,,below_threshold
0.451,4,1,full,1536,1,1,,,below_threshold
0.451,4,2,full,1536,1,1,,,below_threshold
0.451,4,3,full,1536,1,1,,,below_threshold
0.451,4,4,full,1536,1,1,,,below_threshold
0.451,4,5,full,1536,1,1,,,below_threshold
0.451,4,6,compact,256,0.166667,0.472774,0.333632,0.472774,meets_threshold
0.451,4,7,full,1536,1,1,,,below_threshold
0.451,5,0,full,1536,1,1,,,below_threshold
0.451,5,1,full,1536,1,1,,,below_threshold
0.451,5,2,compact,128,0.0833333,0.478574,-0.0711887,0.478574,meets_threshold
0.451,5,3,full,1536,1,1,,,below_threshold
0.451,5,4,full,1536,1,1,,,below_threshold
0.451,5,5,full,1536,1,1,,,below_threshold
0.451,5,6,full,1536,1,1,,,below_threshold
0.451,5,7,full,1536,1,1,,,below_threshold
0.451,6,0,full,1536,1,1,,,below_threshold
0.451,6,1,full,1536,1,1,,,below_threshold
0.451,6,2,full,1536,1,1,,,below_threshold
0.451,6,3,full,1536,1,1,,,below_threshold
0.451,6,4,full,1536,1,1,,,below_threshold
0.451,6,5,full,1536,1,1,,,below_threshold
0.451,6,6,full,1536,1,1,,,below_threshold
0.451,6,7,compact,64,0.0416667,0.586239,-0.703545,0.586239,meets_threshold
0.451,7,0,full,1536,1,1,,,below_threshold
0.451,7,1,full,1536,1,1,,,below_threshold
0.451,7,2,full,1536,1,1,,,below_threshold
0.451,7,3,full,1536,1,1,,,below_threshold
0.451,7,4,full,1536,1,1,,,below_threshold
0.451,7,5,full,1536,1,1,,,below_threshold
0.451,7,6,full,1536,1,1,,,below_threshold
0.451,7,7,full,1536,1,1,,,below_threshold
0.451,8,0,full,1536,1,1,,,below_threshold
0.451,8,1,compact,128,0.0833333,0.472067,-0.142711,0.472067,meets_threshold
0.451,8,2,full,1536,1,1,,,below_threshold
0.451,8,3,full,1536,1,1,,,below_threshold
0.451,8,4,full,1536,1,1,,,below_threshold
0.451,8,5,full,1536,1,1,,,below_threshold
0.451,8,6,full,1536,1,1,,,below_threshold
0.451,8,7,full,1536,1,1,,,below_threshold
0.451,9,0,full,1536,1,1,,,below_threshold
0.451,9,1,compact,128,0.0833333,0.485147,-0.304665,0.485147,meets_threshold
0.451,9,2,full,1536,1,1,,,below_threshold
0.451,9,3,full,1536,1,1,,,below_threshold
0.451,9,4,full,1536,1,1,,,below_threshold
0.451,9,5,full,1536,1,1,,,below_threshold
0.451,9,6,full,1536,1,1,,,below_threshold
0.451,9,7,full,1536,1,1,,,below_threshold
0.451,10,0,full,1536,1,1,,,below_threshold
0.451,10,1,full,1536,1,1,,,below_threshold
0.451,10,2,full,1536,1,1,,,below_threshold
0.451,10,3,compact,128,0.0833333,0.456578,-0.885916,0.456578,meets_threshold
0.451,10,4,full,1536,1,1,,,below_threshold
0.451,10,5,full,1536,1,1,,,below_threshold
0.451,10,6,full,1536,1,1,,,below_threshold
0.451,10,7,full,1536,1,1,,,below_threshold
0.451,11,0,full,1536,1,1,,,below_threshold
0.451,11,1,full,1536,1,1,,,below_threshold
0.451,11,2,compact,128,0.0833333,0.47891,0.0805184,0.47891,meets_threshold
0.451,11,3,full,1536,1,1,,,below_threshold
0.451,11,4,full,1536,1,1,,,below_threshold
0.451,11,5,full,1536,1,1,,,below_threshold
0.451,11,6,full,1536,1,1,,,below_threshold
0.451,11,7,full,1536,1,1,,,below_threshold
0.451,12,0,full,1536,1,1,,,below_threshold
0.451,12,1,full,1536,1,1,,,below_threshold
0.451,12,2,full,1536,1,1,,,below_threshold
0.451,12,3,full,1536,1,1,,,below_threshold
0.451,12,4,full,1536,1,1,,,below_threshold
0.451,12,5,full,1536,1,1,,,below_threshold
0.451,12,6,full,1536,1,1,,,below_threshold
0.451,12,7,full,1536,1,1,,,below_threshold
0.451,13,0,full,1536,1,1,,,below_threshold
0.451,13,1,full,1536,1,1,,,below_threshold
0.451,13,2,full,1536,1,1,,,below_threshold
0.451,13,3,full,1536,1,1,,,below_threshold
0.451,13,4,full,1536,1,1,,,below_threshold
0.451,13,5,full,1536,1,1,,,below_threshold
0.451,13,6,full,1536,1,1,,,below_threshold
0.451,13,7,full,1536,1,1,,,below_threshold
0.451,14,0,full,1536,1,1,,,below_threshold
0.451,14,1,full,1536,1,1,,,below_threshold
0.451,14,2,full,1536,1,1,,,below_threshold
0.451,14,3,full,1536,1,1,,,below_threshold
0.451,14,4,full,1536,1,1,,,below_threshold
0.451,14,5,compact,256,0.166667,0.453655,0.202406,0.453655,meets_threshold
0.451,14,6,full,1536,1,1,,,below_threshold
0.451,14,7,full,1536,1,1,,,below_threshold
0.451,15,0,full,1536,1,1,,,below_threshold
0.451,15,1,full,1536,1,1,,,below_threshold
0.451,15,2,full,1536,1,1,,,below_threshold
0.451,15,3,full,1536,1,1,,,below_threshold
0.451,15,4,full,1536,1,1,,,below_threshold
0.451,15,5,full,1536,1,1,,,below_threshold
0.451,15,6,full,1536,1,1,,,below_threshold
0.451,15,7,full,1536,1,1,,,below_threshold
0.451,16,0,full,1536,1,1,,,below_threshold
0.451,16,1,full,1536,1,1,,,below_threshold
0.451,16,2,full,1536,1,1,,,below_threshold
0.451,16,3,full,1536,1,1,,,below_threshold
0.451,16,4,full,1536,1,1,,,below_threshold
0.451,16,5,full,1536,1,1,,,below_threshold
0.451,16,6,full,1536,1,1,,,below_threshold
0.451,16,7,full,1536,1,1,,,below_threshold
0.451,17,0,full,1536,1,1,,,below_threshold
0.451,17,1,full,1536,1,1,,,below_threshold
0.451,17,2,full,1536,1,1,,,below_threshold
0.451,17,3,full,1536,1,1,,,below_threshold
0.451,17,4,full,1536,1,1,,,below_threshold
0.451,17,5,full,1536,1,1,,,below_threshold
0.451,17,6,full,1536,1,1,,,below_threshold
0.451,17,7,full,1536,1,1,,,below_threshold
0.451,18,0,compact,128,0.0833333,0.534773,0.100952,0.534773,meets_threshold
0.451,18,1,full,1536,1,1,,,below_threshold
0.451,18,2,full,1536,1,1,,,below_threshold
0.451,18,3,full,1536,1,1,,,below_threshold
0.451,18,4,full,1536,1,1,,,below_threshold
0.451,18,5,full,1536,1,1,,,below_threshold
0.451,18,6,full,1536,1,1,,,below_threshold
0.451,18,7,full,1536,1,1,,,below_threshold
0.451,19,0,full,1536,1,1,,,below_threshold
0.451,19,1,full,1536,1,1,,,below_threshold
0.451,19,2,full,1536,1,1,,,below_threshold
0.451,19,3,full,1536,1,1,,,below_threshold
0.451,19,4,full,1536,1,1,,,below_threshold
0.451,19,5,full,1536,1,1,,,below_threshold
0.451,19,6,full,1536,1,1,,,below_threshold
0.451,19,7,full,1536,1,1,,,below_threshold
0.451,20,0,full,1536,1,1,,,below_threshold
0.451,20,1,full,1536,1,1,,,below_threshold
0.451,20,2,compact,256,0.166667,0.452199,0.151074,0.452199,meets_threshold
0.451,20,3,full,1536,1,1,,,below_threshold
0.451,20,4,full,1536,1,1,,,below_threshold
0.451,20,5,full,1536,1,1,,,below_threshold
0.451,20,6,full,1536,1,1,,,below_threshold
0.451,20,7,full,1536,1,1,,,below_threshold
0.451,21,0,full,1536,1,1,,,below_threshold
0.451,21,1,full,1536,1,1,,,below_threshold
0.451,21,2,full,1536,1,1,,,below_threshold
0.451,21,3,full,1536,1,1,,,below_threshold
0.451,21,4,full,1536,1,1,,,below_threshold
0.451,21,5,full,1536,1,1,,,below_threshold
0.451,21,6,full,1536,1,1,,,below_threshold
0.451,21,7,full,1536,1,1,,,below_threshold
0.451,22,0,full,1536,1,1,,,constrained_out
0.451,22,1,compact,64,0.0416667,0.454562,-0.62248,0.454562,meets_threshold
0.451,22,2,full,1536,1,1,,,below_threshold
0.451,22,3,full,1536,1,1,,,below_threshold
0.451,22,4,full,1536,1,1,,,below_threshold
0.451,22,5,full,1536,1,1,,,below_threshold
0.451,22,6,full,1536,1,1,,,below_threshold
0.451,22,7,full,1536,1,1,,,below_threshold
0.451,23,0,full,1536,1,1,,,below_threshold
0.451,23,1,full,1536,1,1,,,below_threshold
0.451,23,2,full,1536,1,1,,,below_threshold
0.451,23,3,full,1536,1,1,,,below_threshold
0.451,23,4,full,1536,1,1,,,below_threshold
0.451,23,5,full,1536,1,1,,,below_threshold
0.451,23,6,full,1536,1,1,,,below_threshold
0.451,23,7,compact,256,0.166667,0.498822,0.292175,0.498822,meets_threshold
0.451,24,0,full,1536,1,1,,,below_threshold
0.451,24,1,full,1536,1,1,,,below_threshold
0.451,24,2,compact,256,0.166667,0.47761,0.105962,0.47761,meets_threshold
0.451,24,3,full,1536,1,1,,,below_threshold
0.451,24,4,full,1536,1,1,,,below_threshold
0.451,24,5,full,1536,1,1,,,constrained_out
0.451,24,6,full,1536,1,1,,,below_threshold
0.451,24,7,full,1536,1,1,,,below_threshold
0.451,25,0,full,1536,1,1,,,below_threshold
0.451,25,1,full,1536,1,1,,,below_threshold
0.451,25,2,full,1536,1,1,,,below_threshold
0.451,25,3,compact,128,0.0833333,0.481239,-0.0662971,0.481239,meets_threshold
0.451,25,4,full,1536,1,1,,,below_threshold
0.451,25,5,full,1536,1,1,,,constrained_out
0.451,25,6,full,1536,1,1,,,constrained_out
0.451,25,7,full,1536,1,1,,,below_threshold
0.451,26,0,full,1536,1,1,,,below_threshold
0.451,26,1,compact,128,0.0833333,0.495451,-0.859776,0.495451,meets_threshold
0.451,26,2,full,1536,1,1,,,below_threshold
0.451,26,3,full,1536,1,1,,,constrained_out
0.451,26,4,full,1536,1,1,,,below_threshold
0.451,26,5,full,1536,1,1,,,constrained_out
0.451,26,6,full,1536,1,1,,,below_threshold
0.451,26,7,full,1536,1,1,,,constrained_out
0.451,27,0,full,1536,1,1,,,below_threshold
0.451,27,1,full,1536,1,1,,,below_threshold
0.451,27,2,full,1536,1,1,,,below_threshold
0.451,27,3,full,1536,1,1,,,below_threshold
0.451,27,4,full,1536,1,1,,,below_threshold
0.451,27,5,full,1536,1,1,,,below_threshold
0.451,27,6,full,1536,1,1,,,below_threshold
0.451,27,7,full,1536,1,1,,,below_threshold
0.452,0,0,full,1536,1,1,,,below_threshold
0.452,0,1,full,1536,1,1,,,below_threshold
0.452,0,2,full,1536,1,1,,,below_threshold
0.452,0,3,full,1536,1,1,,,below_threshold
0.452,0,4,full,1536,1,1,,,below_threshold
0.452,0,5,full,1536,1,1,,,below_threshold
0.452,0,6,full,1536,1,1,,,below_threshold
0.452,0,7,full,1536,1,1,,,below_threshold
0.452,1,0,full,1536,1,1,,,below_threshold
0.452,1,1,full,1536,1,1,,,below_threshold
0.452,1,2,full,1536,1,1,,,below_threshold
0.452,1,3,full,1536,1,1,,,below_threshold
0.452,1,4,full,1536,1,1,,,below_threshold
0.452,1,5,full,1536,1,1,,,below_threshold
0.452,1,6,full,1536,1,1,,,below_threshold
0.452,1,7,full,1536,1,1,,,below_threshold
0.452,2,0,full,1536,1,1,,,below_threshold
0.452,2,1,full,1536,1,1,,,below_threshold
0.452,2,2,full,1536,1,1,,,below_threshold
0.452,2,3,full,1536,1,1,,,below_threshold
0.452,2,4,full,1536,1,1,,,below_threshold
0.452,2,5,full,1536,1,1,,,constrained_out
0.452,2,6,full,1536,1,1,,,below_threshold
0.452,2,7,compact,128,0.0833333,0.517556,-0.185784,0.517556,meets_threshold
0.452,3,0,full,1536,1,1,,,drop_l3_h0
0.452,3,1,full,1536,1,1,,,below_threshold
0.452,3,2,full,1536,1,1,,,below_threshold
0.452,3,3,full,1536,1,1,,,below_threshold
0.452,3,4,full,1536,1,1,,,below_threshold
0.452,3,5,full,1536,1,1,,,below_threshold
0.452,3,6,full,1536,1,1,,,constrained_out
0.452,3,7,full,1536,1,1,,,constrained_out
0.452,4,0,full,1536,1,1,,,below_threshold
0.452,4,1,full,1536,1,1,,,below_threshold
0.452,4,2,full,1536,1,1,,,below_threshold
0.452,4,3,full,1536,1,1,,,below_threshold
0.452,4,4,full,1536,1,1,,,below_threshold
0.452,4,5,full,1536,1,1,,,below_threshold
0.452,4,6,compact,256,0.166667,0.472774,0.333632,0.472774,meets_threshold
0.452,4,7,full,1536,1,1,,,below_threshold
0.452,5,0,full,1536,1,1,,,below_threshold
0.452,5,1,full,1536,1,1,,,below_threshold
0.452,5,2,compact,128,0.0833333,0.478574,-0.0711887,0.478574,meets_threshold
0.452,5,3,full,1536,1,1,,,below_threshold
0.452,5,4,full,1536,1,1,,,below_threshold
0.452,5,5,full,1536,1,1,,,below_threshold
0.452,5,6,full,1536,1,1,,,below_threshold
0.452,5,7,full,1536,1,1,,,below_threshold
0.452,6,0,full,1536,1,1,,,below_threshold
0.452,6,1,full,1536,1,1,,,below_threshold
0.452,6,2,full,1536,1,1,,,below_threshold
0.452,6,3,full,1536,1,1,,,below_threshold
0.452,6,4,full,1536,1,1,,,below_threshold
0.452,6,5,full,1536,1,1,,,below_threshold
0.452,6,6,full,1536,1,1,,,below_threshold
0.452,6,7,compact,64,0.0416667,0.586239,-0.703545,0.586239,meets_threshold
0.452,7,0,full,1536,1,1,,,below_threshold
0.452,7,1,full,1536,1,1,,,below_threshold
0.452,7,2,full,1536,1,1,,,below_threshold
0.452,7,3,full,1536,1,1,,,below_threshold
0.452,7,4,full,1536,1,1,,,below_threshold
0.452,7,5,full,1536,1,1,,,below_threshold
0.452,7,6,full,1536,1,1,,,below_threshold
0.452,7,7,full,1536,1,1,,,below_threshold
0.452,8,0,full,1536,1,1,,,below_threshold
0.452,8,1,compact,128,0.0833333,0.472067,-0.142711,0.472067,meets_threshold
0.452,8,2,full,1536,1,1,,,below_threshold
0.452,8,3,full,1536,1,1,,,below_threshold
0.452,8,4,full,1536,1,1,,,below_threshold
0.452,8,5,full,1536,1,1,,,below_threshold
0.452,8,6,full,1536,1,1,,,below_threshold
0.452,8,7,full,1536,1,1,,,below_threshold
0.452,9,0,full,1536,1,1,,,below_threshold
0.452,9,1,compact,128,0.0833333,0.485147,-0.304665,0.485147,meets_threshold
0.452,9,2,full,1536,1,1,,,below_threshold
0.452,9,3,full,1536,1,1,,,below_threshold
0.452,9,4,full,1536,1,1,,,below_threshold
0.452,9,5,full,1536,1,1,,,below_threshold
0.452,9,6,full,1536,1,1,,,below_threshold
0.452,9,7,full,1536,1,1,,,below_threshold
0.452,10,0,full,1536,1,1,,,below_threshold
0.452,10,1,full,1536,1,1,,,below_threshold
0.452,10,2,full,1536,1,1,,,below_threshold
0.452,10,3,compact,128,0.0833333,0.456578,-0.885916,0.456578,meets_threshold
0.452,10,4,full,1536,1,1,,,below_threshold
0.452,10,5,full,1536,1,1,,,below_threshold
0.452,10,6,full,1536,1,1,,,below_threshold
0.452,10,7,full,1536,1,1,,,below_threshold
0.452,11,0,full,1536,1,1,,,below_threshold
0.452,11,1,full,1536,1,1,,,below_threshold
0.452,11,2,compact,128,0.0833333,0.47891,0.0805184,0.47891,meets_threshold
0.452,11,3,full,1536,1,1,,,below_threshold
0.452,11,4,full,1536,1,1,,,below_threshold
0.452,11,5,full,1536,1,1,,,below_threshold
0.452,11,6,full,1536,1,1,,,below_threshold
0.452,11,7,full,1536,1,1,,,below_threshold
0.452,12,0,full,1536,1,1,,,below_threshold
0.452,12,1,full,1536,1,1,,,below_threshold
0.452,12,2,full,1536,1,1,,,below_threshold
0.452,12,3,full,1536,1,1,,,below_threshold
0.452,12,4,full,1536,1,1,,,below_threshold
0.452,12,5,full,1536,1,1,,,below_threshold
0.452,12,6,full,1536,1,1,,,below_threshold
0.452,12,7,full,1536,1,1,,,below_threshold
0.452,13,0,full,1536,1,1,,,below_threshold
0.452,13,1,full,1536,1,1,,,below_threshold
0.452,13,2,full,1536,1,1,,,below_threshold
0.452,13,3,full,1536,1,1,,,below_threshold
0.452,13,4,full,1536,1,1,,,below_threshold
0.452,13,5,full,1536,1,1,,,below_threshold
0.452,13,6,full,1536,1,1,,,below_threshold
0.452,13,7,full,1536,1,1,,,below_threshold
0.452,14,0,full,1536,1,1,,,below_threshold
0.452,14,1,full,1536,1,1,,,below_threshold
0.452,14,2,full,1536,1,1,,,below_threshold
0.452,14,3,full,1536,1,1,,,below_threshold
0.452,14,4,full,1536,1,1,,,below_threshold
0.452,14,5,compact,256,0.166667,0.453655,0.202406,0.453655,meets_threshold
0.452,14,6,full,1536,1,1,,,below_threshold
0.452,14,7,full,1536,1,1,,,below_threshold
0.452,15,0,full,1536,1,1,,,below_threshold
0.452,15,1,full,1536,1,1,,,below_threshold
0.452,15,2,full,1536,1,1,,,below_threshold
0.452,15,3,full,1536,1,1,,,below_threshold
0.452,15,4,full,1536,1,1,,,below_threshold
0.452,15,5,full,1536,1,1,,,below_threshold
0.452,15,6,full,1536,1,1,,,below_threshold
0.452,15,7,full,1536,1,1,,,below_threshold
0.452,16,0,full,1536,1,1,,,below_threshold
0.452,16,1,full,1536,1,1,,,below_threshold
0.452,16,2,full,1536,1,1,,,below_threshold
0.452,16,3,full,1536,1,1,,,below_threshold
0.452,16,4,full,1536,1,1,,,below_threshold
0.452,16,5,full,1536,1,1,,,below_threshold
0.452,16,6,full,1536,1,1,,,below_threshold
0.452,16,7,full,1536,1,1,,,below_threshold
0.452,17,0,full,1536,1,1,,,below_threshold
0.452,17,1,full,1536,1,1,,,below_threshold
0.452,17,2,full,1536,1,1,,,below_threshold
0.452,17,3,full,1536,1,1,,,below_threshold
0.452,17,4,full,1536,1,1,,,below_threshold
0.452,17,5,full,1536,1,1,,,below_threshold
0.452,17,6,full,1536,1,1,,,below_threshold
0.452,17,7,full,1536,1,1,,,below_threshold
0.452,18,0,compact,128,0.0833333,0.534773,0.100952,0.534773,meets_threshold
0.452,18,1,full,1536,1,1,,,below_threshold
0.452,18,2,full,1536,1,1,,,below_threshold
0.452,18,3,full,1536,1,1,,,below_threshold
0.452,18,4,full,1536,1,1,,,below_threshold
0.452,18,5,full,1536,1,1,,,below_threshold
0.452,18,6,full,1536,1,1,,,below_threshold
0.452,18,7,full,1536,1,1,,,below_threshold
0.452,19,0,full,1536,1,1,,,below_threshold
0.452,19,1,full,1536,1,1,,,below_threshold
0.452,19,2,full,1536,1,1,,,below_threshold
0.452,19,3,full,1536,1,1,,,below_threshold
0.452,19,4,full,1536,1,1,,,below_threshold
0.452,19,5,full,1536,1,1,,,below_threshold
0.452,19,6,full,1536,1,1,,,below_threshold
0.452,19,7,full,1536,1,1,,,below_threshold
0.452,20,0,full,1536,1,1,,,below_threshold
0.452,20,1,full,1536,1,1,,,below_threshold
0.452,20,2,compact,256,0.166667,0.452199,0.151074,0.452199,meets_threshold
0.452,20,3,full,1536,1,1,,,below_threshold
0.452,20,4,full,1536,1,1,,,below_threshold
0.452,20,5,full,1536,1,1,,,below_threshold
0.452,20,6,full,1536,1,1,,,below_threshold
0.452,20,7,full,1536,1,1,,,below_threshold
0.452,21,0,full,1536,1,1,,,below_threshold
0.452,21,1,full,1536,1,1,,,below_threshold
0.452,21,2,full,1536,1,1,,,below_threshold
0.452,21,3,full,1536,1,1,,,below_threshold
0.452,21,4,full,1536,1,1,,,below_threshold
0.452,21,5,full,1536,1,1,,,below_threshold
0.452,21,6,full,1536,1,1,,,below_threshold
0.452,21,7,full,1536,1,1,,,below_threshold
0.452,22,0,full,1536,1,1,,,constrained_out
0.452,22,1,compact,64,0.0416667,0.454562,-0.62248,0.454562,meets_threshold
0.452,22,2,full,1536,1,1,,,below_threshold
0.452,22,3,full,1536,1,1,,,below_threshold
0.452,22,4,full,1536,1,1,,,below_threshold
0.452,22,5,full,1536,1,1,,,below_threshold
0.452,22,6,full,1536,1,1,,,below_threshold
0.452,22,7,full,1536,1,1,,,below_threshold
0.452,23,0,full,1536,1,1,,,below_threshold
0.452,23,1,full,1536,1,1,,,below_threshold
0.452,23,2,full,1536,1,1,,,below_threshold
0.452,23,3,full,1536,1,1,,,below_threshold
0.452,23,4,full,1536,1,1,,,below_threshold
0.452,23,5,full,1536,1,1,,,below_threshold
0.452,23,6,full,1536,1,1,,,below_threshold
0.452,23,7,compact,256,0.166667,0.498822,0.292175,0.498822,meets_threshold
0.452,24,0,full,1536,1,1,,,below_threshold
0.452,24,1,full,1536,1,1,,,below_threshold
0.452,24,2,compact,256,0.166667,0.47761,0.105962,0.47761,meets_threshold
0.452,24,3,full,1536,1,1,,,below_threshold
0.452,24,4,full,1536,1,1,,,below_threshold
0.452,24,5,full,1536,1,1,,,constrained_out
0.452,24,6,full,1536,1,1,,,below_threshold
0.452,24,7,full,1536,1,1,,,below_threshold
0.452,25,0,full,1536,1,1,,,below_threshold
0.452,25,1,full,1536,1,1,,,below_threshold
0.452,25,2,full,1536,1,1,,,below_threshold
0.452,25,3,compact,128,0.0833333,0.481239,-0.0662971,0.481239,meets_threshold
0.452,25,4,full,1536,1,1,,,below_threshold
0.452,25,5,full,1536,1,1,,,constrained_out
0.452,25,6,full,1536,1,1,,,constrained_out
0.452,25,7,full,1536,1,1,,,below_threshold
0.452,26,0,full,1536,1,1,,,below_threshold
0.452,26,1,compact,128,0.0833333,0.495451,-0.859776,0.495451,meets_threshold
0.452,26,2,full,1536,1,1,,,below_threshold
0.452,26,3,full,1536,1,1,,,constrained_out
0.452,26,4,full,1536,1,1,,,below_threshold
0.452,26,5,full,1536,1,1,,,constrained_out
0.452,26,6,full,1536,1,1,,,below_threshold
0.452,26,7,full,1536,1,1,,,constrained_out
0.452,27,0,full,1536,1,1,,,below_threshold
0.452,27,1,full,1536,1,1,,,below_threshold
0.452,27,2,full,1536,1,1,,,below_threshold
0.452,27,3,full,1536,1,1,,,below_threshold
0.452,27,4,full,1536,1,1,,,below_threshold
0.452,27,5,full,1536,1,1,,,below_threshold
0.452,27,6,full,1536,1,1,,,below_threshold
0.452,27,7,full,1536,1,1,,,below_threshold
0.453,0,0,full,1536,1,1,,,below_threshold
0.453,0,1,full,1536,1,1,,,below_threshold
0.453,0,2,full,1536,1,1,,,below_threshold
0.453,0,3,full,1536,1,1,,,below_threshold
0.453,0,4,full,1536,1,1,,,below_threshold
0.453,0,5,full,1536,1,1,,,below_threshold
0.453,0,6,full,1536,1,1,,,below_threshold
0.453,0,7,full,1536,1,1,,,below_threshold
0.453,1,0,full,1536,1,1,,,below_threshold
0.453,1,1,full,1536,1,1,,,below_threshold
0.453,1,2,full,1536,1,1,,,below_threshold
0.453,1,3,full,1536,1,1,,,below_threshold
0.453,1,4,full,1536,1,1,,,below_threshold
0.453,1,5,full,1536,1,1,,,below_threshold
0.453,1,6,full,1536,1,1,,,below_threshold
0.453,1,7,full,1536,1,1,,,below_threshold
0.453,2,0,full,1536,1,1,,,below_threshold
0.453,2,1,full,1536,1,1,,,below_threshold
0.453,2,2,full,1536,1,1,,,below_threshold
0.453,2,3,full,1536,1,1,,,below_threshold
0.453,2,4,full,1536,1,1,,,below_threshold
0.453,2,5,full,1536,1,1,,,constrained_out
0.453,2,6,full,1536,1,1,,,below_threshold
0.453,2,7,compact,128,0.0833333,0.517556,-0.185784,0.517556,meets_threshold
0.453,3,0,compact,64,0.0416667,0.477479,-1.31255,0.477479,meets_threshold
0.453,3,1,full,1536,1,1,,,below_threshold
0.453,3,2,full,1536,1,1,,,below_threshold
0.453,3,3,full,1536,1,1,,,below_threshold
0.453,3,4,full,1536,1,1,,,below_threshold
0.453,3,5,full,1536,1,1,,,below_threshold
0.453,3,6,full,1536,1,1,,,constrained_out
0.453,3,7,full,1536,1,1,,,constrained_out
0.453,4,0,full,1536,1,1,,,below_threshold
0.453,4,1,full,1536,1,1,,,below_threshold
0.453,4,2,full,1536,1,1,,,below_threshold
0.453,4,3,full,1536,1,1,,,below_threshold
0.453,4,4,full,1536,1,1,,,below_threshold
0.453,4,5,full,1536,1,1,,,below_threshold
0.453,4,6,full,1536,1,1,,,drop_l4_h6
0.453,4,7,full,1536,1,1,,,below_threshold
0.453,5,0,full,1536,1,1,,,below_threshold
0.453,5,1,full,1536,1,1,,,below_threshold
0.453,5,2,compact,128,0.0833333,0.478574,-0.0711887,0.478574,meets_threshold
0.453,5,3,full,1536,1,1,,,below_threshold
0.453,5,4,full,1536,1,1,,,below_threshold
0.453,5,5,full,1536,1,1,,,below_threshold
0.453,5,6,full,1536,1,1,,,below_threshold
0.453,5,7,full,1536,1,1,,,below_threshold
0.453,6,0,full,1536,1,1,,,below_threshold
0.453,6,1,full,1536,1,1,,,below_threshold
0.453,6,2,full,1536,1,1,,,below_threshold
0.453,6,3,full,1536,1,1,,,below_threshold
0.453,6,4,full,1536,1,1,,,below_threshold
0.453,6,5,full,1536,1,1,,,below_threshold
0.453,6,6,full,1536,1,1,,,below_threshold
0.453,6,7,compact,64,0.0416667,0.586239,-0.703545,0.586239,meets_threshold
0.453,7,0,full,1536,1,1,,,below_threshold
0.453,7,1,full,1536,1,1,,,below_threshold
0.453,7,2,full,1536,1,1,,,below_threshold
0.453,7,3,full,1536,1,1,,,below_threshold
0.453,7,4,full,1536,1,1,,,below_threshold
0.453,7,5,full,1536,1,1,,,below_threshold
0.453,7,6,full,1536,1,1,,,below_threshold
0.453,7,7,full,1536,1,1,,,below_threshold
0.453,8,0,full,1536,1,1,,,below_threshold
0.453,8,1,compact,128,0.0833333,0.472067,-0.142711,0.472067,meets_threshold
0.453,8,2,full,1536,1,1,,,below_threshold
0.453,8,3,full,1536,1,1,,,below_threshold
0.453,8,4,full,1536,1,1,,,below_threshold
0.453,8,5,full,1536,1,1,,,below_threshold
0.453,8,6,full,1536,1,1,,,below_threshold
0.453,8,7,full,1536,1,1,,,below_threshold
0.453,9,0,full,1536,1,1,,,below_threshold
0.453,9,1,compact,128,0.0833333,0.485147,-0.304665,0.485147,meets_threshold
0.453,9,2,full,1536,1,1,,,below_threshold
0.453,9,3,full,1536,1,1,,,below_threshold
0.453,9,4,full,1536,1,1,,,below_threshold
0.453,9,5,full,1536,1,1,,,below_threshold
0.453,9,6,full,1536,1,1,,,below_threshold
0.453,9,7,full,1536,1,1,,,below_threshold
0.453,10,0,full,1536,1,1,,,below_threshold
0.453,10,1,full,1536,1,1,,,below_threshold
0.453,10,2,full,1536,1,1,,,below_threshold
0.453,10,3,compact,128,0.0833333,0.456578,-0.885916,0.456578,meets_threshold
0.453,10,4,full,1536,1,1,,,below_threshold
0.453,10,5,full,1536,1,1,,,below_threshold
0.453,10,6,full,1536,1,1,,,below_threshold
0.453,10,7,full,1536,1,1,,,below_threshold
0.453,11,0,full,1536,1,1,,,below_threshold
0.453,11,1,full,1536,1,1,,,below_threshold
0.453,11,2,compact,128,0.0833333,0.47891,0.0805184,0.47891,meets_threshold
0.453,11,3,full,1536,1,1,,,below_threshold
0.453,11,4,full,1536,1,1,,,below_threshold
0.453,11,5,full,1536,1,1,,,below_threshold
0.453,11,6,full,1536,1,1,,,below_threshold
0.453,11,7,full,1536,1,1,,,below_threshold
0.453,12,0,full,1536,1,1,,,below_threshold
0.453,12,1,full,1536,1,1,,,below_threshold
0.453,12,2,full,1536,1,1,,,below_threshold
0.453,12,3,full,1536,1,1,,,below_threshold
0.453,12,4,full,1536,1,1,,,below_threshold
0.453,12,5,full,1536,1,1,,,below_threshold
0.453,12,6,full,1536,1,1,,,below_threshold
0.453,12,7,full,1536,1,1,,,below_threshold
0.453,13,0,full,1536,1,1,,,below_threshold
0.453,13,1,full,1536,1,1,,,below_threshold
0.453,13,2,full,1536,1,1,,,below_threshold
0.453,13,3,full,1536,1,1,,,below_threshold
0.453,13,4,full,1536,1,1,,,below_threshold
0.453,13,5,full,1536,1,1,,,below_threshold
0.453,13,6,full,1536,1,1,,,below_threshold
0.453,13,7,full,1536,1,1,,,below_threshold
0.453,14,0,full,1536,1,1,,,below_threshold
0.453,14,1,full,1536,1,1,,,below_threshold
0.453,14,2,full,1536,1,1,,,below_threshold
0.453,14,3,full,1536,1,1,,,below_threshold
0.453,14,4,full,1536,1,1,,,below_threshold
0.453,14,5,compact,256,0.166667,0.453655,0.202406,0.453655,meets_threshold
0.453,14,6,full,1536,1,1,,,below_threshold
0.453,14,7,full,1536,1,1,,,below_threshold
0.453,15,0,full,1536,1,1,,,below_threshold
0.453,15,1,full,1536,1,1,,,below_threshold
0.453,15,2,full,1536,1,1,,,below_threshold
0.453,15,3,full,1536,1,1,,,below_threshold
0.453,15,4,full,1536,1,1,,,below_threshold
0.453,15,5,full,1536,1,1,,,below_threshold
0.453,15,6,full,1536,1,1,,,below_threshold
0.453,15,7,full,1536,1,1,,,below_threshold
0.453,16,0,full,1536,1,1,,,below_threshold
0.453,16,1,full,1536,1,1,,,below_threshold
0.453,16,2,full,1536,1,1,,,below_threshold
0.453,16,3,full,1536,1,1,,,below_threshold
0.453,16,4,full,1536,1,1,,,below_threshold
0.453,16,5,full,1536,1,1,,,below_threshold
0.453,16,6,full,1536,1,1,,,below_threshold
0.453,16,7,full,1536,1,1,,,below_threshold
0.453,17,0,full,1536,1,1,,,below_threshold
0.453,17,1,full,1536,1,1,,,below_threshold
0.453,17,2,full,1536,1,1,,,below_threshold
0.453,17,3,full,1536,1,1,,,below_threshold
0.453,17,4,full,1536,1,1,,,below_threshold
0.453,17,5,full,1536,1,1,,,below_threshold
0.453,17,6,full,1536,1,1,,,below_threshold
0.453,17,7,full,1536,1,1,,,below_threshold
0.453,18,0,compact,128,0.0833333,0.534773,0.100952,0.534773,meets_threshold
0.453,18,1,full,1536,1,1,,,below_threshold
0.453,18,2,full,1536,1,1,,,below_threshold
0.453,18,3,full,1536,1,1,,,below_threshold
0.453,18,4,full,1536,1,1,,,below_threshold
0.453,18,5,full,1536,1,1,,,below_threshold
0.453,18,6,full,1536,1,1,,,below_threshold
0.453,18,7,full,1536,1,1,,,below_threshold
0.453,19,0,full,1536,1,1,,,below_threshold
0.453,19,1,full,1536,1,1,,,below_threshold
0.453,19,2,full,1536,1,1,,,below_threshold
0.453,19,3,full,1536,1,1,,,below_threshold
0.453,19,4,full,1536,1,1,,,below_threshold
0.453,19,5,full,1536,1,1,,,below_threshold
0.453,19,6,full,1536,1,1,,,below_threshold
0.453,19,7,full,1536,1,1,,,below_threshold
0.453,20,0,full,1536,1,1,,,below_threshold
0.453,20,1,full,1536,1,1,,,below_threshold
0.453,20,2,compact,256,0.166667,0.452199,0.151074,0.452199,meets_threshold
0.453,20,3,full,1536,1,1,,,below_threshold
0.453,20,4,full,1536,1,1,,,below_threshold
0.453,20,5,full,1536,1,1,,,below_threshold
0.453,20,6,full,1536,1,1,,,below_threshold
0.453,20,7,full,1536,1,1,,,below_threshold
0.453,21,0,full,1536,1,1,,,below_threshold
0.453,21,1,full,1536,1,1,,,below_threshold
0.453,21,2,full,1536,1,1,,,below_threshold
0.453,21,3,full,1536,1,1,,,below_threshold
0.453,21,4,full,1536,1,1,,,below_threshold
0.453,21,5,full,1536,1,1,,,below_threshold
0.453,21,6,full,1536,1,1,,,below_threshold
0.453,21,7,full,1536,1,1,,,below_threshold
0.453,22,0,full,1536,1,1,,,constrained_out
0.453,22,1,compact,64,0.0416667,0.454562,-0.62248,0.454562,meets_threshold
0.453,22,2,full,1536,1,1,,,below_threshold
0.453,22,3,full,1536,1,1,,,below_threshold
0.453,22,4,full,1536,1,1,,,below_threshold
0.453,22,5,full,1536,1,1,,,below_threshold
0.453,22,6,full,1536,1,1,,,below_threshold
0.453,22,7,full,1536,1,1,,,below_threshold
0.453,23,0,full,1536,1,1,,,below_threshold
0.453,23,1,full,1536,1,1,,,below_threshold
0.453,23,2,full,1536,1,1,,,below_threshold
0.453,23,3,full,1536,1,1,,,below_threshold
0.453,23,4,full,1536,1,1,,,below_threshold
0.453,23,5,full,1536,1,1,,,below_threshold
0.453,23,6,full,1536,1,1,,,below_threshold
0.453,23,7,compact,256,0.166667,0.498822,0.292175,0.498822,meets_threshold
0.453,24,0,full,1536,1,1,,,below_threshold
0.453,24,1,full,1536,1,1,,,below_threshold
0.453,24,2,compact,256,0.166667,0.47761,0.105962,0.47761,meets_threshold
0.453,24,3,full,1536,1,1,,,below_threshold
0.453,24,4,full,1536,1,1,,,below_threshold
0.453,24,5,full,1536,1,1,,,constrained_out
0.453,24,6,full,1536,1,1,,,below_threshold
0.453,24,7,full,1536,1,1,,,below_threshold
0.453,25,0,full,1536,1,1,,,below_threshold
0.453,25,1,full,1536,1,1,,,below_threshold
0.453,25,2,full,1536,1,1,,,below_threshold
0.453,25,3,compact,128,0.0833333,0.481239,-0.0662971,0.481239,meets_threshold
0.453,25,4,full,1536,1,1,,,below_threshold
0.453,25,5,full,1536,1,1,,,constrained_out
0.453,25,6,full,1536,1,1,,,constrained_out
0.453,25,7,full,1536,1,1,,,below_threshold
0.453,26,0,full,1536,1,1,,,below_threshold
0.453,26,1,compact,128,0.0833333,0.495451,-0.859776,0.495451,meets_threshold
0.453,26,2,full,1536,1,1,,,below_threshold
0.453,26,3,full,1536,1,1,,,constrained_out
0.453,26,4,full,1536,1,1,,,below_threshold
0.453,26,5,full,1536,1,1,,,constrained_out
0.453,26,6,full,1536,1,1,,,below_threshold
0.453,26,7,full,1536,1,1,,,constrained_out
0.453,27,0,full,1536,1,1,,,below_threshold
0.453,27,1,full,1536,1,1,,,below_threshold
0.453,27,2,full,1536,1,1,,,below_threshold
0.453,27,3,full,1536,1,1,,,below_threshold
0.453,27,4,full,1536,1,1,,,below_threshold
0.453,27,5,full,1536,1,1,,,below_threshold
0.453,27,6,full,1536,1,1,,,below_threshold
0.453,27,7,full,1536,1,1,,,below_threshold
0.454,0,0,full,1536,1,1,,,below_threshold
0.454,0,1,full,1536,1,1,,,below_threshold
0.454,0,2,full,1536,1,1,,,below_threshold
0.454,0,3,full,1536,1,1,,,below_threshold
0.454,0,4,full,1536,1,1,,,below_threshold
0.454,0,5,full,1536,1,1,,,below_threshold
0.454,0,6,full,1536,1,1,,,below_threshold
0.454,0,7,full,1536,1,1,,,below_threshold
0.454,1,0,full,1536,1,1,,,below_threshold
0.454,1,1,full,1536,1,1,,,below_threshold
0.454,1,2,full,1536,1,1,,,below_threshold
0.454,1,3,full,1536,1,1,,,below_threshold
0.454,1,4,full,1536,1,1,,,below_threshold
0.454,1,5,full,1536,1,1,,,below_threshold
0.454,1,6,full,1536,1,1,,,below_threshold
0.454,1,7,full,1536,1,1,,,below_threshold
0.454,2,0,full,1536,1,1,,,below_threshold
0.454,2,1,full,1536,1,1,,,below_threshold
0.454,2,2,full,1536,1,1,,,below_threshold
0.454,2,3,full,1536,1,1,,,below_threshold
0.454,2,4,full,1536,1,1,,,below_threshold
0.454,2,5,full,1536,1,1,,,constrained_out
0.454,2,6,full,1536,1,1,,,below_threshold
0.454,2,7,compact,128,0.0833333,0.517556,-0.185784,0.517556,meets_threshold
0.454,3,0,compact,64,0.0416667,0.477479,-1.31255,0.477479,meets_threshold
0.454,3,1,full,1536,1,1,,,below_threshold
0.454,3,2,full,1536,1,1,,,below_threshold
0.454,3,3,full,1536,1,1,,,below_threshold
0.454,3,4,full,1536,1,1,,,below_threshold
0.454,3,5,full,1536,1,1,,,below_threshold
0.454,3,6,full,1536,1,1,,,constrained_out
0.454,3,7,full,1536,1,1,,,constrained_out
0.454,4,0,full,1536,1,1,,,below_threshold
0.454,4,1,full,1536,1,1,,,below_threshold
0.454,4,2,full,1536,1,1,,,below_threshold
0.454,4,3,full,1536,1,1,,,below_threshold
0.454,4,4,full,1536,1,1,,,below_threshold
0.454,4,5,full,1536,1,1,,,below_threshold
0.454,4,6,compact,256,0.166667,0.472774,0.333632,0.472774,meets_threshold
0.454,4,7,full,1536,1,1,,,below_threshold
0.454,5,0,full,1536,1,1,,,below_threshold
0.454,5,1,full,1536,1,1,,,below_threshold
0.454,5,2,full,1536,1,1,,,drop_l5_h2
0.454,5,3,full,1536,1,1,,,below_threshold
0.454,5,4,full,1536,1,1,,,below_threshold
0.454,5,5,full,1536,1,1,,,below_threshold
0.454,5,6,full,1536,1,1,,,below_threshold
0.454,5,7,full,1536,1,1,,,below_threshold
0.454,6,0,full,1536,1,1,,,below_threshold
0.454,6,1,full,1536,1,1,,,below_threshold
0.454,6,2,full,1536,1,1,,,below_threshold
0.454,6,3,full,1536,1,1,,,below_threshold
0.454,6,4,full,1536,1,1,,,below_threshold
0.454,6,5,full,1536,1,1,,,below_threshold
0.454,6,6,full,1536,1,1,,,below_threshold
0.454,6,7,compact,64,0.0416667,0.586239,-0.703545,0.586239,meets_threshold
0.454,7,0,full,1536,1,1,,,below_threshold
0.454,7,1,full,1536,1,1,,,below_threshold
0.454,7,2,full,1536,1,1,,,below_threshold
0.454,7,3,full,1536,1,1,,,below_threshold
0.454,7,4,full,1536,1,1,,,below_threshold
0.454,7,5,full,1536,1,1,,,below_threshold
0.454,7,6,full,1536,1,1,,,below_threshold
0.454,7,7,full,1536,1,1,,,below_threshold
0.454,8,0,full,1536,1,1,,,below_threshold
0.454,8,1,compact,128,0.0833333,0.472067,-0.142711,0.472067,meets_threshold
0.454,8,2,full,1536,1,1,,,below_threshold
0.454,8,3,full,1536,1,1,,,below_threshold
0.454,8,4,full,1536,1,1,,,below_threshold
0.454,8,5,full,1536,1,1,,,below_threshold
0.454,8,6,full,1536,1,1,,,below_threshold
0.454,8,7,full,1536,1,1,,,below_threshold
0.454,9,0,full,1536,1,1,,,below_threshold
0.454,9,1,compact,128,0.0833333,0.485147,-0.304665,0.485147,meets_threshold
0.454,9,2,full,1536,1,1,,,below_threshold
0.454,9,3,full,1536,1,1,,,below_threshold
0.454,9,4,full,1536,1,1,,,below_threshold
0.454,9,5,full,1536,1,1,,,below_threshold
0.454,9,6,full,1536,1,1,,,below_threshold
0.454,9,7,full,1536,1,1,,,below_threshold
0.454,10,0,full,1536,1,1,,,below_threshold
0.454,10,1,full,1536,1,1,,,below_threshold
0.454,10,2,full,1536,1,1,,,below_threshold
0.454,10,3,compact,128,0.0833333,0.456578,-0.885916,0.456578,meets_threshold
0.454,10,4,full,1536,1,1,,,below_threshold
0.454,10,5,full,1536,1,1,,,below_threshold
0.454,10,6,full,1536,1,1,,,below_threshold
0.454,10,7,full,1536,1,1,,,below_threshold
0.454,11,0,full,1536,1,1,,,below_threshold
0.454,11,1,full,1536,1,1,,,below_threshold
0.454,11,2,compact,128,0.0833333,0.47891,0.0805184,0.47891,meets_threshold
0.454,11,3,full,1536,1,1,,,below_threshold
0.454,11,4,full,1536,1,1,,,below_threshold
0.454,11,5,full,1536,1,1,,,below_threshold
0.454,11,6,full,1536,1,1,,,below_threshold
0.454,11,7,full,1536,1,1,,,below_threshold
0.454,12,0,full,1536,1,1,,,below_threshold
0.454,12,1,full,1536,1,1,,,below_threshold
0.454,12,2,full,1536,1,1,,,below_threshold
0.454,12,3,full,1536,1,1,,,below_threshold
0.454,12,4,full,1536,1,1,,,below_threshold
0.454,12,5,full,1536,1,1,,,below_threshold
0.454,12,6,full,1536,1,1,,,below_threshold
0.454,12,7,full,1536,1,1,,,below_threshold
0.454,13,0,full,1536,1,1,,,below_threshold
0.454,13,1,full,1536,1,1,,,below_threshold
0.454,13,2,full,1536,1,1,,,below_threshold
0.454,13,3,full,1536,1,1,,,below_threshold
0.454,13,4,full,1536,1,1,,,below_threshold
0.454,13,5,full,1536,1,1,,,below_threshold
0.454,13,6,full,1536,1,1,,,below_threshold
0.454,13,7,full,1536,1,1,,,below_threshold
0.454,14,0,full,1536,1,1,,,below_threshold
0.454,14,1,full,1536,1,1,,,below_threshold
0.454,14,2,full,1536,1,1,,,below_threshold
0.454,14,3,full,1536,1,1,,,below_threshold
0.454,14,4,full,1536,1,1,,,below_threshold
0.454,14,5,compact,256,0.166667,0.453655,0.202406,0.453655,meets_threshold
0.454,14,6,full,1536,1,1,,,below_threshold
0.454,14,7,full,1536,1,1,,,below_threshold
0.454,15,0,full,1536,1,1,,,below_threshold
0.454,15,1,full,1536,1,1,,,below_threshold
0.454,15,2,full,1536,1,1,,,below_threshold
0.454,15,3,full,1536,1,1,,,below_threshold
0.454,15,4,full,1536,1,1,,,below_threshold
0.454,15,5,full,1536,1,1,,,below_threshold
0.454,15,6,full,1536,1,1,,,below_threshold
0.454,15,7,full,1536,1,1,,,below_threshold
0.454,16,0,full,1536,1,1,,,below_threshold
0.454,16,1,full,1536,1,1,,,below_threshold
0.454,16,2,full,1536,1,1,,,below_threshold
0.454,16,3,full,1536,1,1,,,below_threshold
0.454,16,4,full,1536,1,1,,,below_threshold
0.454,16,5,full,1536,1,1,,,below_threshold
0.454,16,6,full,1536,1,1,,,below_threshold
0.454,16,7,full,1536,1,1,,,below_threshold
0.454,17,0,full,1536,1,1,,,below_threshold
0.454,17,1,full,1536,1,1,,,below_threshold
0.454,17,2,full,1536,1,1,,,below_threshold
0.454,17,3,full,1536,1,1,,,below_threshold
0.454,17,4,full,1536,1,1,,,below_threshold
0.454,17,5,full,1536,1,1,,,below_threshold
0.454,17,6,full,1536,1,1,,,below_threshold
0.454,17,7,full,1536,1,1,,,below_threshold
0.454,18,0,compact,128,0.0833333,0.534773,0.100952,0.534773,meets_threshold
0.454,18,1,full,1536,1,1,,,below_threshold
0.454,18,2,full,1536,1,1,,,below_threshold
0.454,18,3,full,1536,1,1,,,below_threshold
0.454,18,4,full,1536,1,1,,,below_threshold
0.454,18,5,full,1536,1,1,,,below_threshold
0.454,18,6,full,1536,1,1,,,below_threshold
0.454,18,7,full,1536,1,1,,,below_threshold
0.454,19,0,full,1536,1,1,,,below_threshold
0.454,19,1,full,1536,1,1,,,below_threshold
0.454,19,2,full,1536,1,1,,,below_threshold
0.454,19,3,full,1536,1,1,,,below_threshold
0.454,19,4,full,1536,1,1,,,below_threshold
0.454,19,5,full,1536,1,1,,,below_threshold
0.454,19,6,full,1536,1,1,,,below_threshold
0.454,19,7,full,1536,1,1,,,below_threshold
0.454,20,0,full,1536,1,1,,,below_threshold
0.454,20,1,full,1536,1,1,,,below_threshold
0.454,20,2,compact,256,0.166667,0.452199,0.151074,0.452199,meets_threshold
0.454,20,3,full,1536,1,1,,,below_threshold
0.454,20,4,full,1536,1,1,,,below_threshold
0.454,20,5,full,1536,1,1,,,below_threshold
0.454,20,6,full,1536,1,1,,,below_threshold
0.454,20,7,full,1536,1,1,,,below_threshold
0.454,21,0,full,1536,1,1,,,below_threshold
0.454,21,1,full,1536,1,1,,,below_threshold
0.454,21,2,full,1536,1,1,,,below_threshold
0.454,21,3,full,1536,1,1,,,below_threshold
0.454,21,4,full,1536,1,1,,,below_threshold
0.454,21,5,full,1536,1,1,,,below_threshold
0.454,21,6,full,1536,1,1,,,below_threshold
0.454,21,7,full,1536,1,1,,,below_threshold
0.454,22,0,full,1536,1,1,,,constrained_out
0.454,22,1,compact,64,0.0416667,0.454562,-0.62248,0.454562,meets_threshold
0.454,22,2,full,1536,1,1,,,below_threshold
0.454,22,3,full,1536,1,1,,,below_threshold
0.454,22,4,full,1536,1,1,,,below_threshold
0.454,22,5,full,1536,1,1,,,below_threshold
0.454,22,6,full,1536,1,1,,,below_threshold
0.454,22,7,full,1536,1,1,,,below_threshold
0.454,23,0,full,1536,1,1,,,below_threshold
0.454,23,1,full,1536,1,1,,,below_threshold
0.454,23,2,full,1536,1,1,,,below_threshold
0.454,23,3,full,1536,1,1,,,below_threshold
0.454,23,4,full,1536,1,1,,,below_threshold
0.454,23,5,full,1536,1,1,,,below_threshold
0.454,23,6,full,1536,1,1,,,below_threshold
0.454,23,7,compact,256,0.166667,0.498822,0.292175,0.498822,meets_threshold
0.454,24,0,full,1536,1,1,,,below_threshold
0.454,24,1,full,1536,1,1,,,below_threshold
0.454,24,2,compact,256,0.166667,0.47761,0.105962,0.47761,meets_threshold
0.454,24,3,full,1536,1,1,,,below_threshold
0.454,24,4,full,1536,1,1,,,below_threshold
0.454,24,5,full,1536,1,1,,,constrained_out
0.454,24,6,full,1536,1,1,,,below_threshold
0.454,24,7,full,1536,1,1,,,below_threshold
0.454,25,0,full,1536,1,1,,,below_threshold
0.454,25,1,full,1536,1,1,,,below_threshold
0.454,25,2,full,1536,1,1,,,below_threshold
0.454,25,3,compact,128,0.0833333,0.481239,-0.0662971,0.481239,meets_threshold
0.454,25,4,full,1536,1,1,,,below_threshold
0.454,25,5,full,1536,1,1,,,constrained_out
0.454,25,6,full,1536,1,1,,,constrained_out
0.454,25,7,full,1536,1,1,,,below_threshold
0.454,26,0,full,1536,1,1,,,below_threshold
0.454,26,1,compact,128,0.0833333,0.495451,-0.859776,0.495451,meets_threshold
0.454,26,2,full,1536,1,1,,,below_threshold
0.454,26,3,full,1536,1,1,,,constrained_out
0.454,26,4,full,1536,1,1,,,below_threshold
0.454,26,5,full,1536,1,1,,,constrained_out
0.454,26,6,full,1536,1,1,,,below_threshold
0.454,26,7,full,1536,1,1,,,constrained_out
0.454,27,0,full,1536,1,1,,,below_threshold
0.454,27,1,full,1536,1,1,,,below_threshold
0.454,27,2,full,1536,1,1,,,below_threshold
0.454,27,3,full,1536,1,1,,,below_threshold
0.454,27,4,full,1536,1,1,,,below_threshold
0.454,27,5,full,1536,1,1,,,below_threshold
0.454,27,6,full,1536,1,1,,,below_threshold
0.454,27,7,full,1536,1,1,,,below_threshold
0.455,0,0,full,1536,1,1,,,below_threshold
0.455,0,1,full,1536,1,1,,,below_threshold
0.455,0,2,full,1536,1,1,,,below_threshold
0.455,0,3,full,1536,1,1,,,below_threshold
0.455,0,4,full,1536,1,1,,,below_threshold
0.455,0,5,full,1536,1,1,,,below_threshold
0.455,0,6,full,1536,1,1,,,below_threshold
0.455,0,7,full,1536,1,1,,,below_threshold
0.455,1,0,full,1536,1,1,,,below_threshold
0.455,1,1,full,1536,1,1,,,below_threshold
0.455,1,2,full,1536,1,1,,,below_threshold
0.455,1,3,full,1536,1,1,,,below_threshold
0.455,1,4,full,1536,1,1,,,below_threshold
0.455,1,5,full,1536,1,1,,,below_threshold
0.455,1,6,full,1536,1,1,,,below_threshold
0.455,1,7,full,1536,1,1,,,below_threshold
0.455,2,0,full,1536,1,1,,,below_threshold
0.455,2,1,full,1536,1,1,,,below_threshold
0.455,2,2,full,1536,1,1,,,below_threshold
0.455,2,3,full,1536,1,1,,,below_threshold
0.455,2,4,full,1536,1,1,,,below_threshold
0.455,2,5,full,1536,1,1,,,constrained_out
0.455,2,6,full,1536,1,1,,,below_threshold
0.455,2,7,compact,128,0.0833333,0.517556,-0.185784,0.517556,meets_threshold
0.455,3,0,compact,64,0.0416667,0.477479,-1.31255,0.477479,meets_threshold
0.455,3,1,full,1536,1,1,,,below_threshold
0.455,3,2,full,1536,1,1,,,below_threshold
0.455,3,3,full,1536,1,1,,,below_threshold
0.455,3,4,full,1536,1,1,,,below_threshold
0.455,3,5,full,1536,1,1,,,below_threshold
0.455,3,6,full,1536,1,1,,,constrained_out
0.455,3,7,full,1536,1,1,,,constrained_out
0.455,4,0,full,1536,1,1,,,below_threshold
0.455,4,1,full,1536,1,1,,,below_threshold
0.455,4,2,full,1536,1,1,,,below_threshold
0.455,4,3,full,1536,1,1,,,below_threshold
0.455,4,4,full,1536,1,1,,,below_threshold
0.455,4,5,full,1536,1,1,,,below_threshold
0.455,4,6,compact,256,0.166667,0.472774,0.333632,0.472774,meets_threshold
0.455,4,7,full,1536,1,1,,,below_threshold
0.455,5,0,full,1536,1,1,,,below_threshold
0.455,5,1,full,1536,1,1,,,below_threshold
0.455,5,2,compact,128,0.0833333,0.478574,-0.0711887,0.478574,meets_threshold
0.455,5,3,full,1536,1,1,,,below_threshold
0.455,5,4,full,1536,1,1,,,below_threshold
0.455,5,5,full,1536,1,1,,,below_threshold
0.455,5,6,full,1536,1,1,,,below_threshold
0.455,5,7,full,1536,1,1,,,below_threshold
0.455,6,0,full,1536,1,1,,,below_threshold
0.455,6,1,full,1536,1,1,,,below_threshold
0.455,6,2,full,1536,1,1,,,below_threshold
0.455,6,3,full,1536,1,1,,,below_threshold
0.455,6,4,full,1536,1,1,,,below_threshold
0.455,6,5,full,1536,1,1,,,below_threshold
0.455,6,6,full,1536,1,1,,,below_threshold
0.455,6,7,full,1536,1,1,,,drop_l6_h7
0.455,7,0,full,1536,1,1,,,below_threshold
0.455,7,1,full,1536,1,1,,,below_threshold
0.455,7,2,full,1536,1,1,,,below_threshold
0.455,7,3,full,1536,1,1,,,below_threshold
0.455,7,4,full,1536,1,1,,,below_threshold
0.455,7,5,full,1536,1,1,,,below_threshold
0.455,7,6,full,1536,1,1,,,below_threshold
0.455,7,7,full,1536,1,1,,,below_threshold
0.455,8,0,full,1536,1,1,,,below_threshold
0.455,8,1,compact,128,0.0833333,0.472067,-0.142711,0.472067,meets_threshold
0.455,8,2,full,1536,1,1,,,below_threshold
0.455,8,3,full,1536,1,1,,,below_threshold
0.455,8,4,full,1536,1,1,,,below_threshold
0.455,8,5,full,1536,1,1,,,below_threshold
0.455,8,6,full,1536,1,1,,,below_threshold
0.455,8,7,full,1536,1,1,,,below_threshold
0.455,9,0,full,1536,1,1,,,below_threshold
0.455,9,1,compact,128,0.0833333,0.485147,-0.304665,0.485147,meets_threshold
0.455,9,2,full,1536,1,1,,,below_threshold
0.455,9,3,full,1536,1,1,,,below_threshold
0.455,9,4,full,1536,1,1,,,below_threshold
0.455,9,5,full,1536,1,1,,,below_threshold
0.455,9,6,full,1536,1,1,,,below_threshold
0.455,9,7,full,1536,1,1,,,below_threshold
0.455,10,0,full,1536,1,1,,,below_threshold
0.455,10,1,full,1536,1,1,,,below_threshold
0.455,10,2,full,1536,1,1,,,below_threshold
0.455,10,3,compact,128,0.0833333,0.456578,-0.885916,0.456578,meets_threshold
0.455,10,4,full,1536,1,1,,,below_threshold
0.455,10,5,full,1536,1,1,,,below_threshold
0.455,10,6,full,1536,1,1,,,below_threshold
0.455,10,7,full,1536,1,1,,,below_threshold
0.455,11,0,full,1536,1,1,,,below_threshold
0.455,11,1,full,1536,1,1,,,below_threshold
0.455,11,2,compact,128,0.0833333,0.47891,0.0805184,0.47891,meets_threshold
0.455,11,3,full,1536,1,1,,,below_threshold
0.455,11,4,full,1536,1,1,,,below_threshold
0.455,11,5,full,1536,1,1,,,below_threshold
0.455,11,6,full,1536,1,1,,,below_threshold
0.455,11,7,full,1536,1,1,,,below_threshold
0.455,12,0,full,1536,1,1,,,below_threshold
0.455,12,1,full,1536,1,1,,,below_threshold
0.455,12,2,full,1536,1,1,,,below_threshold
0.455,12,3,full,1536,1,1,,,below_threshold
0.455,12,4,full,1536,1,1,,,below_threshold
0.455,12,5,full,1536,1,1,,,below_threshold
0.455,12,6,full,1536,1,1,,,below_threshold
0.455,12,7,full,1536,1,1,,,below_threshold
0.455,13,0,full,1536,1,1,,,below_threshold
0.455,13,1,full,1536,1,1,,,below_threshold
0.455,13,2,full,1536,1,1,,,below_threshold
0.455,13,3,full,1536,1,1,,,below_threshold
0.455,13,4,full,1536,1,1,,,below_threshold
0.455,13,5,full,1536,1,1,,,below_threshold
0.455,13,6,full,1536,1,1,,,below_threshold
0.455,13,7,full,1536,1,1,,,below_threshold
0.455,14,0,full,1536,1,1,,,below_threshold
0.455,14,1,full,1536,1,1,,,below_threshold
0.455,14,2,full,1536,1,1,,,below_threshold
0.455,14,3,full,1536,1,1,,,below_threshold
0.455,14,4,full,1536,1,1,,,below_threshold
0.455,14,5,compact,256,0.166667,0.453655,0.202406,0.453655,meets_threshold
0.455,14,6,full,1536,1,1,,,below_threshold
0.455,14,7,full,1536,1,1,,,below_threshold
0.455,15,0,full,1536,1,1,,,below_threshold
0.455,15,1,full,1536,1,1,,,below_threshold
0.455,15,2,full,1536,1,1,,,below_threshold
0.455,15,3,full,1536,1,1,,,below_threshold
0.455,15,4,full,1536,1,1,,,below_threshold
0.455,15,5,full,1536,1,1,,,below_threshold
0.455,15,6,full,1536,1,1,,,below_threshold
0.455,15,7,full,1536,1,1,,,below_threshold
0.455,16,0,full,1536,1,1,,,below_threshold
0.455,16,1,full,1536,1,1,,,below_threshold
0.455,16,2,full,1536,1,1,,,below_threshold
0.455,16,3,full,1536,1,1,,,below_threshold
0.455,16,4,full,1536,1,1,,,below_threshold
0.455,16,5,full,1536,1,1,,,below_threshold
0.455,16,6,full,1536,1,1,,,below_threshold
0.455,16,7,full,1536,1,1,,,below_threshold
0.455,17,0,full,1536,1,1,,,below_threshold
0.455,17,1,full,1536,1,1,,,below_threshold
0.455,17,2,full,1536,1,1,,,below_threshold
0.455,17,3,full,1536,1,1,,,below_threshold
0.455,17,4,full,1536,1,1,,,below_threshold
0.455,17,5,full,1536,1,1,,,below_threshold
0.455,17,6,full,1536,1,1,,,below_threshold
0.455,17,7,full,1536,1,1,,,below_threshold
0.455,18,0,compact,128,0.0833333,0.534773,0.100952,0.534773,meets_threshold
0.455,18,1,full,1536,1,1,,,below_threshold
0.455,18,2,full,1536,1,1,,,below_threshold
0.455,18,3,full,1536,1,1,,,below_threshold
0.455,18,4,full,1536,1,1,,,below_threshold
0.455,18,5,full,1536,1,1,,,below_threshold
0.455,18,6,full,1536,1,1,,,below_threshold
0.455,18,7,full,1536,1,1,,,below_threshold
0.455,19,0,full,1536,1,1,,,below_threshold
0.455,19,1,full,1536,1,1,,,below_threshold
0.455,19,2,full,1536,1,1,,,below_threshold
0.455,19,3,full,1536,1,1,,,below_threshold
0.455,19,4,full,1536,1,1,,,below_threshold
0.455,19,5,full,1536,1,1,,,below_threshold
0.455,19,6,full,1536,1,1,,,below_threshold
0.455,19,7,full,1536,1,1,,,below_threshold
0.455,20,0,full,1536,1,1,,,below_threshold
0.455,20,1,full,1536,1,1,,,below_threshold
0.455,20,2,compact,256,0.166667,0.452199,0.151074,0.452199,meets_threshold
0.455,20,3,full,1536,1,1,,,below_threshold
0.455,20,4,full,1536,1,1,,,below_threshold
0.455,20,5,full,1536,1,1,,,below_threshold
0.455,20,6,full,1536,1,1,,,below_threshold
0.455,20,7,full,1536,1,1,,,below_threshold
0.455,21,0,full,1536,1,1,,,below_threshold
0.455,21,1,full,1536,1,1,,,below_threshold
0.455,21,2,full,1536,1,1,,,below_threshold
0.455,21,3,full,1536,1,1,,,below_threshold
0.455,21,4,full,1536,1,1,,,below_threshold
0.455,21,5,full,1536,1,1,,,below_threshold
0.455,21,6,full,1536,1,1,,,below_threshold
0.455,21,7,full,1536,1,1,,,below_threshold
0.455,22,0,full,1536,1,1,,,constrained_out
0.455,22,1,compact,64,0.0416667,0.454562,-0.62248,0.454562,meets_threshold
0.455,22,2,full,1536,1,1,,,below_threshold
0.455,22,3,full,1536,1,1,,,below_threshold
0.455,22,4,full,1536,1,1,,,below_threshold
0.455,22,5,full,1536,1,1,,,below_threshold
0.455,22,6,full,1536,1,1,,,below_threshold
0.455,22,7,full,1536,1,1,,,below_threshold
0.455,23,0,full,1536,1,1,,,below_threshold
0.455,23,1,full,1536,1,1,,,below_threshold
0.455,23,2,full,1536,1,1,,,below_threshold
0.455,23,3,full,1536,1,1,,,below_threshold
0.455,23,4,full,1536,1,1,,,below_threshold
0.455,23,5,full,1536,1,1,,,below_threshold
0.455,23,6,full,1536,1,1,,,below_threshold
0.455,23,7,compact,256,0.166667,0.498822,0.292175,0.498822,meets_threshold
0.455,24,0,full,1536,1,1,,,below_threshold
0.455,24,1,full,1536,1,1,,,below_threshold
0.455,24,2,compact,256,0.166667,0.47761,0.105962,0.47761,meets_threshold
0.455,24,3,full,1536,1,1,,,below_threshold
0.455,24,4,full,1536,1,1,,,below_threshold
0.455,24,5,full,1536,1,1,,,constrained_out
0.455,24,6,full,1536,1,1,,,below_threshold
0.455,24,7,full,1536,1,1,,,below_threshold
0.455,25,0,full,1536,1,1,,,below_threshold
0.455,25,1,full,1536,1,1,,,below_threshold
0.455,25,2,full,1536,1,1,,,below_threshold
0.455,25,3,compact,128,0.0833333,0.481239,-0.0662971,0.481239,meets_threshold
0.455,25,4,full,1536,1,1,,,below_threshold
0.455,25,5,full,1536,1,1,,,constrained_out
0.455,25,6,full,1536,1,1,,,constrained_out
0.455,25,7,full,1536,1,1,,,below_threshold
0.455,26,0,full,1536,1,1,,,below_threshold
0.455,26,1,compact,128,0.0833333,0.495451,-0.859776,0.495451,meets_threshold
0.455,26,2,full,1536,1,1,,,below_threshold
0.455,26,3,full,1536,1,1,,,constrained_out
0.455,26,4,full,1536,1,1,,,below_threshold
0.455,26,5,full,1536,1,1,,,constrained_out
0.455,26,6,full,1536,1,1,,,below_threshold
0.455,26,7,full,1536,1,1,,,constrained_out
0.455,27,0,full,1536,1,1,,,below_threshold
0.455,27,1,full,1536,1,1,,,below_threshold
0.455,27,2,full,1536,1,1,,,below_threshold
0.455,27,3,full,1536,1,1,,,below_threshold
0.455,27,4,full,1536,1,1,,,below_threshold
0.455,27,5,full,1536,1,1,,,below_threshold
0.455,27,6,full,1536,1,1,,,below_threshold
0.455,27,7,full,1536,1,1,,,below_threshold
0.456,0,0,full,1536,1,1,,,below_threshold
0.456,0,1,full,1536,1,1,,,below_threshold
0.456,0,2,full,1536,1,1,,,below_threshold
0.456,0,3,full,1536,1,1,,,below_threshold
0.456,0,4,full,1536,1,1,,,below_threshold
0.456,0,5,full,1536,1,1,,,below_threshold
0.456,0,6,full,1536,1,1,,,below_threshold
0.456,0,7,full,1536,1,1,,,below_threshold
0.456,1,0,full,1536,1,1,,,below_threshold
0.456,1,1,full,1536,1,1,,,below_threshold
0.456,1,2,full,1536,1,1,,,below_threshold
0.456,1,3,full,1536,1,1,,,below_threshold
0.456,1,4,full,1536,1,1,,,below_threshold
0.456,1,5,full,1536,1,1,,,below_threshold
0.456,1,6,full,1536,1,1,,,below_threshold
0.456,1,7,full,1536,1,1,,,below_threshold
0.456,2,0,full,1536,1,1,,,below_threshold
0.456,2,1,full,1536,1,1,,,below_threshold
0.456,2,2,full,1536,1,1,,,below_threshold
0.456,2,3,full,1536,1,1,,,below_threshold
0.456,2,4,full,1536,1,1,,,below_threshold
0.456,2,5,full,1536,1,1,,,constrained_out
0.456,2,6,full,1536,1,1,,,below_threshold
0.456,2,7,compact,128,0.0833333,0.517556,-0.185784,0.517556,meets_threshold
0.456,3,0,compact,64,0.0416667,0.477479,-1.31255,0.477479,meets_threshold
0.456,3,1,full,1536,1,1,,,below_threshold
0.456,3,2,full,1536,1,1,,,below_threshold
0.456,3,3,full,1536,1,1,,,below_threshold
0.456,3,4,full,1536,1,1,,,below_threshold
0.456,3,5,full,1536,1,1,,,below_threshold
0.456,3,6,full,1536,1,1,,,constrained_out
0.456,3,7,full,1536,1,1,,,constrained_out
0.456,4,0,full,1536,1,1,,,below_threshold
0.456,4,1,full,1536,1,1,,,below_threshold
0.456,4,2,full,1536,1,1,,,below_threshold
0.456,4,3,full,1536,1,1,,,below_threshold
0.456,4,4,full,1536,1,1,,,below_threshold
0.456,4,5,full,1536,1,1,,,below_threshold
0.456,4,6,compact,256,0.166667,0.472774,0.333632,0.472774,meets_threshold
0.456,4,7,full,1536,1,1,,,below_threshold
0.456,5,0,full,1536,1,1,,,below_threshold
0.456,5,1,full,1536,1,1,,,below_threshold
0.456,5,2,compact,128,0.0833333,0.478574,-0.0711887,0.478574,meets_threshold
0.456,5,3,full,1536,1,1,,,below_threshold
0.456,5,4,full,1536,1,1,,,below_threshold
0.456,5,5,full,1536,1,1,,,below_threshold
0.456,5,6,full,1536,1,1,,,below_threshold
0.456,5,7,full,1536,1,1,,,below_threshold
0.456,6,0,full,1536,1,1,,,below_threshold
0.456,6,1,full,1536,1,1,,,below_threshold
0.456,6,2,full,1536,1,1,,,below_threshold
0.456,6,3,full,1536,1,1,,,below_threshold
0.456,6,4,full,1536,1,1,,,below_threshold
0.456,6,5,full,1536,1,1,,,below_threshold
0.456,6,6,full,1536,1,1,,,below_threshold
0.456,6,7,compact,64,0.0416667,0.586239,-0.703545,0.586239,meets_threshold
0.456,7,0,full,1536,1,1,,,below_threshold
0.456,7,1,full,1536,1,1,,,below_threshold
0.456,7,2,full,1536,1,1,,,below_threshold
0.456,7,3,full,1536,1,1,,,below_threshold
0.456,7,4,full,1536,1,1,,,below_threshold
0.456,7,5,full,1536,1,1,,,below_threshold
0.456,7,6,full,1536,1,1,,,below_threshold
0.456,7,7,full,1536,1,1,,,below_threshold
0.456,8,0,full,1536,1,1,,,below_threshold
0.456,8,1,full,1536,1,1,,,drop_l8_h1
0.456,8,2,full,1536,1,1,,,below_threshold
0.456,8,3,full,1536,1,1,,,below_threshold
0.456,8,4,full,1536,1,1,,,below_threshold
0.456,8,5,full,1536,1,1,,,below_threshold
0.456,8,6,full,1536,1,1,,,below_threshold
0.456,8,7,full,1536,1,1,,,below_threshold
0.456,9,0,full,1536,1,1,,,below_threshold
0.456,9,1,compact,128,0.0833333,0.485147,-0.304665,0.485147,meets_threshold
0.456,9,2,full,1536,1,1,,,below_threshold
0.456,9,3,full,1536,1,1,,,below_threshold
0.456,9,4,full,1536,1,1,,,below_threshold
0.456,9,5,full,1536,1,1,,,below_threshold
0.456,9,6,full,1536,1,1,,,below_threshold
0.456,9,7,full,1536,1,1,,,below_threshold
0.456,10,0,full,1536,1,1,,,below_threshold
0.456,10,1,full,1536,1,1,,,below_threshold
0.456,10,2,full,1536,1,1,,,below_threshold
0.456,10,3,compact,128,0.0833333,0.456578,-0.885916,0.456578,meets_threshold
0.456,10,4,full,1536,1,1,,,below_threshold
0.456,10,5,full,1536,1,1,,,below_threshold
0.456,10,6,full,1536,1,1,,,below_threshold
0.456,10,7,full,1536,1,1,,,below_threshold
0.456,11,0,full,1536,1,1,,,below_threshold
0.456,11,1,full,1536,1,1,,,below_threshold
0.456,11,2,compact,128,0.0833333,0.47891,0.0805184,0.47891,meets_threshold
0.456,11,3,full,1536,1,1,,,below_threshold
0.456,11,4,full,1536,1,1,,,below_threshold
0.456,11,5,full,1536,1,1,,,below_threshold
0.456,11,6,full,1536,1,1,,,below_threshold
0.456,11,7,full,1536,1,1,,,below_threshold
0.456,12,0,full,1536,1,1,,,below_threshold
0.456,12,1,full,1536,1,1,,,below_threshold
0.456,12,2,full,1536,1,1,,,below_threshold
0.456,12,3,full,1536,1,1,,,below_threshold
0.456,12,4,full,1536,1,1,,,below_threshold
0.456,12,5,full,1536,1,1,,,below_threshold
0.456,12,6,full,1536,1,1,,,below_threshold
0.456,12,7,full,1536,1,1,,,below_threshold
0.456,13,0,full,1536,1,1,,,below_threshold
0.456,13,1,full,1536,1,1,,,below_threshold
0.456,13,2,full,1536,1,1,,,below_threshold
0.456,13,3,full,1536,1,1,,,below_threshold
0.456,13,4,full,1536,1,1,,,below_threshold
0.456,13,5,full,1536,1,1,,,below_threshold
0.456,13,6,full,1536,1,1,,,below_threshold
0.456,13,7,full,1536,1,1,,,below_threshold
0.456,14,0,full,1536,1,1,,,below_threshold
0.456,14,1,full,1536,1,1,,,below_threshold
0.456,14,2,full,1536,1,1,,,below_threshold
0.456,14,3,full,1536,1,1,,,below_threshold
0.456,14,4,full,1536,1,1,,,below_threshold
0.456,14,5,compact,256,0.166667,0.453655,0.202406,0.453655,meets_threshold
0.456,14,6,full,1536,1,1,,,below_threshold
0.456,14,7,full,1536,1,1,,,below_threshold
0.456,15,0,full,1536,1,1,,,below_threshold
0.456,15,1,full,1536,1,1,,,below_threshold
0.456,15,2,full,1536,1,1,,,below_threshold
0.456,15,3,full,1536,1,1,,,below_threshold
0.456,15,4,full,1536,1,1,,,below_threshold
0.456,15,5,full,1536,1,1,,,below_threshold
0.456,15,6,full,1536,1,1,,,below_threshold
0.456,15,7,full,1536,1,1,,,below_threshold
0.456,16,0,full,1536,1,1,,,below_threshold
0.456,16,1,full,1536,1,1,,,below_threshold
0.456,16,2,full,1536,1,1,,,below_threshold
0.456,16,3,full,1536,1,1,,,below_threshold
0.456,16,4,full,1536,1,1,,,below_threshold
0.456,16,5,full,1536,1,1,,,below_threshold
0.456,16,6,full,1536,1,1,,,below_threshold
0.456,16,7,full,1536,1,1,,,below_threshold
0.456,17,0,full,1536,1,1,,,below_threshold
0.456,17,1,full,1536,1,1,,,below_threshold
0.456,17,2,full,1536,1,1,,,below_threshold
0.456,17,3,full,1536,1,1,,,below_threshold
0.456,17,4,full,1536,1,1,,,below_threshold
0.456,17,5,full,1536,1,1,,,below_threshold
0.456,17,6,full,1536,1,1,,,below_threshold
0.456,17,7,full,1536,1,1,,,below_threshold
0.456,18,0,compact,128,0.0833333,0.534773,0.100952,0.534773,meets_threshold
0.456,18,1,full,1536,1,1,,,below_threshold
0.456,18,2,full,1536,1,1,,,below_threshold
0.456,18,3,full,1536,1,1,,,below_threshold
0.456,18,4,full,1536,1,1,,,below_threshold
0.456,18,5,full,1536,1,1,,,below_threshold
0.456,18,6,full,1536,1,1,,,below_threshold
0.456,18,7,full,1536,1,1,,,below_threshold
0.456,19,0,full,1536,1,1,,,below_threshold
0.456,19,1,full,1536,1,1,,,below_threshold
0.456,19,2,full,1536,1,1,,,below_threshold
0.456,19,3,full,1536,1,1,,,below_threshold
0.456,19,4,full,1536,1,1,,,below_threshold
0.456,19,5,full,1536,1,1,,,below_threshold
0.456,19,6,full,1536,1,1,,,below_threshold
0.456,19,7,full,1536,1,1,,,below_threshold
0.456,20,0,full,1536,1,1,,,below_threshold
0.456,20,1,full,1536,1,1,,,below_threshold
0.456,20,2,compact,256,0.166667,0.452199,0.151074,0.452199,meets_threshold
0.456,20,3,full,1536,1,1,,,below_threshold
0.456,20,4,full,1536,1,1,,,below_threshold
0.456,20,5,full,1536,1,1,,,below_threshold
0.456,20,6,full,1536,1,1,,,below_threshold
0.456,20,7,full,1536,1,1,,,below_threshold
0.456,21,0,full,1536,1,1,,,below_threshold
0.456,21,1,full,1536,1,1,,,below_threshold
0.456,21,2,full,1536,1,1,,,below_threshold
0.456,21,3,full,1536,1,1,,,below_threshold
0.456,21,4,full,1536,1,1,,,below_threshold
0.456,21,5,full,1536,1,1,,,below_threshold
0.456,21,6,full,1536,1,1,,,below_threshold
0.456,21,7,full,1536,1,1,,,below_threshold
0.456,22,0,full,1536,1,1,,,constrained_out
0.456,22,1,compact,64,0.0416667,0.454562,-0.62248,0.454562,meets_threshold
0.456,22,2,full,1536,1,1,,,below_threshold
0.456,22,3,full,1536,1,1,,,below_threshold
0.456,22,4,full,1536,1,1,,,below_threshold
0.456,22,5,full,1536,1,1,,,below_threshold
0.456,22,6,full,1536,1,1,,,below_threshold
0.456,22,7,full,1536,1,1,,,below_threshold
0.456,23,0,full,1536,1,1,,,below_threshold
0.456,23,1,full,1536,1,1,,,below_threshold
0.456,23,2,full,1536,1,1,,,below_threshold
0.456,23,3,full,1536,1,1,,,below_threshold
0.456,23,4,full,1536,1,1,,,below_threshold
0.456,23,5,full,1536,1,1,,,below_threshold
0.456,23,6,full,1536,1,1,,,below_threshold
0.456,23,7,compact,256,0.166667,0.498822,0.292175,0.498822,meets_threshold
0.456,24,0,full,1536,1,1,,,below_threshold
0.456,24,1,full,1536,1,1,,,below_threshold
0.456,24,2,compact,256,0.166667,0.47761,0.105962,0.47761,meets_threshold
0.456,24,3,full,1536,1,1,,,below_threshold
0.456,24,4,full,1536,1,1,,,below_threshold
0.456,24,5,full,1536,1,1,,,constrained_out
0.456,24,6,full,1536,1,1,,,below_threshold
0.456,24,7,full,1536,1,1,,,below_threshold
0.456,25,0,full,1536,1,1,,,below_threshold
0.456,25,1,full,1536,1,1,,,below_threshold
0.456,25,2,full,1536,1,1,,,below_threshold
0.456,25,3,compact,128,0.0833333,0.481239,-0.0662971,0.481239,meets_threshold
0.456,25,4,full,1536,1,1,,,below_threshold
0.456,25,5,full,1536,1,1,,,constrained_out
0.456,25,6,full,1536,1,1,,,constrained_out
0.456,25,7,full,1536,1,1,,,below_threshold
0.456,26,0,full,1536,1,1,,,below_threshold
0.456,26,1,compact,128,0.0833333,0.495451,-0.859776,0.495451,meets_threshold
0.456,26,2,full,1536,1,1,,,below_threshold
0.456,26,3,full,1536,1,1,,,constrained_out
0.456,26,4,full,1536,1,1,,,below_threshold
0.456,26,5,full,1536,1,1,,,constrained_out
0.456,26,6,full,1536,1,1,,,below_threshold
0.456,26,7,full,1536,1,1,,,constrained_out
0.456,27,0,full,1536,1,1,,,below_threshold
0.456,27,1,full,1536,1,1,,,below_threshold
0.456,27,2,full,1536,1,1,,,below_threshold
0.456,27,3,full,1536,1,1,,,below_threshold
0.456,27,4,full,1536,1,1,,,below_threshold
0.456,27,5,full,1536,1,1,,,below_threshold
0.456,27,6,full,1536,1,1,,,below_threshold
0.456,27,7,full,1536,1,1,,,below_threshold
0.457,0,0,full,1536,1,1,,,below_threshold
0.457,0,1,full,1536,1,1,,,below_threshold
0.457,0,2,full,1536,1,1,,,below_threshold
0.457,0,3,full,1536,1,1,,,below_threshold
0.457,0,4,full,1536,1,1,,,below_threshold
0.457,0,5,full,1536,1,1,,,below_threshold
0.457,0,6,full,1536,1,1,,,below_threshold
0.457,0,7,full,1536,1,1,,,below_threshold
0.457,1,0,full,1536,1,1,,,below_threshold
0.457,1,1,full,1536,1,1,,,below_threshold
0.457,1,2,full,1536,1,1,,,below_threshold
0.457,1,3,full,1536,1,1,,,below_threshold
0.457,1,4,full,1536,1,1,,,below_threshold
0.457,1,5,full,1536,1,1,,,below_threshold
0.457,1,6,full,1536,1,1,,,below_threshold
0.457,1,7,full,1536,1,1,,,below_threshold
0.457,2,0,full,1536,1,1,,,below_threshold
0.457,2,1,full,1536,1,1,,,below_threshold
0.457,2,2,full,1536,1,1,,,below_threshold
0.457,2,3,full,1536,1,1,,,below_threshold
0.457,2,4,full,1536,1,1,,,below_threshold
0.457,2,5,full,1536,1,1,,,constrained_out
0.457,2,6,full,1536,1,1,,,below_threshold
0.457,2,7,compact,128,0.0833333,0.517556,-0.185784,0.517556,meets_threshold
0.457,3,0,compact,64,0.0416667,0.477479,-1.31255,0.477479,meets_threshold
0.457,3,1,full,1536,1,1,,,below_threshold
0.457,3,2,full,1536,1,1,,,below_threshold
0.457,3,3,full,1536,1,1,,,below_threshold
0.457,3,4,full,1536,1,1,,,below_threshold
0.457,3,5,full,1536,1,1,,,below_threshold
0.457,3,6,full,1536,1,1,,,constrained_out
0.457,3,7,full,1536,1,1,,,constrained_out
0.457,4,0,full,1536,1,1,,,below_threshold
0.457,4,1,full,1536,1,1,,,below_threshold
0.457,4,2,full,1536,1,1,,,below_threshold
0.457,4,3,full,1536,1,1,,,below_threshold
0.457,4,4,full,1536,1,1,,,below_threshold
0.457,4,5,full,1536,1,1,,,below_threshold
0.457,4,6,compact,256,0.166667,0.472774,0.333632,0.472774,meets_threshold
0.457,4,7,full,1536,1,1,,,below_threshold
0.457,5,0,full,1536,1,1,,,below_threshold
0.457,5,1,full,1536,1,1,,,below_threshold
0.457,5,2,compact,128,0.0833333,0.478574,-0.0711887,0.478574,meets_threshold
0.457,5,3,full,1536,1,1,,,below_threshold
0.457,5,4,full,1536,1,1,,,below_threshold
0.457,5,5,full,1536,1,1,,,below_threshold
0.457,5,6,full,1536,1,1,,,below_threshold
0.457,5,7,full,1536,1,1,,,below_threshold
0.457,6,0,full,1536,1,1,,,below_threshold
0.457,6,1,full,1536,1,1,,,below_threshold
0.457,6,2,full,1536,1,1,,,below_threshold
0.457,6,3,full,1536,1,1,,,below_threshold
0.457,6,4,full,1536,1,1,,,below_threshold
0.457,6,5,full,1536,1,1,,,below_threshold
0.457,6,6,full,1536,1,1,,,below_threshold
0.457,6,7,compact,64,0.0416667,0.586239,-0.703545,0.586239,meets_threshold
0.457,7,0,full,1536,1,1,,,below_threshold
0.457,7,1,full,1536,1,1,,,below_threshold
0.457,7,2,full,1536,1,1,,,below_threshold
0.457,7,3,full,1536,1,1,,,below_threshold
0.457,7,4,full,1536,1,1,,,below_threshold
0.457,7,5,full,1536,1,1,,,below_threshold
0.457,7,6,full,1536,1,1,,,below_threshold
0.457,7,7,full,1536,1,1,,,below_threshold
0.457,8,0,full,1536,1,1,,,below_threshold
0.457,8,1,compact,128,0.0833333,0.472067,-0.142711,0.472067,meets_threshold
0.457,8,2,full,1536,1,1,,,below_threshold
0.457,8,3,full,1536,1,1,,,below_threshold
0.457,8,4,full,1536,1,1,,,below_threshold
0.457,8,5,full,1536,1,1,,,below_threshold
0.457,8,6,full,1536,1,1,,,below_threshold
0.457,8,7,full,1536,1,1,,,below_threshold
0.457,9,0,full,1536,1,1,,,below_threshold
0.457,9,1,full,1536,1,1,,,drop_l9_h1
0.457,9,2,full,1536,1,1,,,below_threshold
0.457,9,3,full,1536,1,1,,,below_threshold
0.457,9,4,full,1536,1,1,,,below_threshold
0.457,9,5,full,1536,1,1,,,below_threshold
0.457,9,6,full,1536,1,1,,,below_threshold
0.457,9,7,full,1536,1,1,,,below_threshold
0.457,10,0,full,1536,1,1,,,below_threshold
0.457,10,1,full,1536,1,1,,,below_threshold
0.457,10,2,full,1536,1,1,,,below_threshold
0.457,10,3,compact,128,0.0833333,0.456578,-0.885916,0.456578,meets_threshold
0.457,10,4,full,1536,1,1,,,below_threshold
0.457,10,5,full,1536,1,1,,,below_threshold
0.457,10,6,full,1536,1,1,,,below_threshold
0.457,10,7,full,1536,1,1,,,below_threshold
0.457,11,0,full,1536,1,1,,,below_threshold
0.457,11,1,full,1536,1,1,,,below_threshold
0.457,11,2,compact,128,0.0833333,0.47891,0.0805184,0.47891,meets_threshold
0.457,11,3,full,1536,1,1,,,below_threshold
0.457,11,4,full,1536,1,1,,,below_threshold
0.457,11,5,full,1536,1,1,,,below_threshold
0.457,11,6,full,1536,1,1,,,below_threshold
0.457,11,7,full,1536,1,1,,,below_threshold
0.457,12,0,full,1536,1,1,,,below_threshold
0.457,12,1,full,1536,1,1,,,below_threshold
0.457,12,2,full,1536,1,1,,,below_threshold
0.457,12,3,full,1536,1,1,,,below_threshold
0.457,12,4,full,1536,1,1,,,below_threshold
0.457,12,5,full,1536,1,1,,,below_threshold
0.457,12,6,full,1536,1,1,,,below_threshold
0.457,12,7,full,1536,1,1,,,below_threshold
0.457,13,0,full,1536,1,1,,,below_threshold
0.457,13,1,full,1536,1,1,,,below_threshold
0.457,13,2,full,1536,1,1,,,below_threshold
0.457,13,3,full,1536,1,1,,,below_threshold
0.457,13,4,full,1536,1,1,,,below_threshold
0.457,13,5,full,1536,1,1,,,below_threshold
0.457,13,6,full,1536,1,1,,,below_threshold
0.457,13,7,full,1536,1,1,,,below_threshold
0.457,14,0,full,1536,1,1,,,below_threshold
0.457,14,1,full,1536,1,1,,,below_threshold
0.457,14,2,full,1536,1,1,,,below_threshold
0.457,14,3,full,1536,1,1,,,below_threshold
0.457,14,4,full,1536,1,1,,,below_threshold
0.457,14,5,compact,256,0.166667,0.453655,0.202406,0.453655,meets_threshold
0.457,14,6,full,1536,1,1,,,below_threshold
0.457,14,7,full,1536,1,1,,,below_threshold
0.457,15,0,full,1536,1,1,,,below_threshold
0.457,15,1,full,1536,1,1,,,below_threshold
0.457,15,2,full,1536,1,1,,,below_threshold
0.457,15,3,full,1536,1,1,,,below_threshold
0.457,15,4,full,1536,1,1,,,below_threshold
0.457,15,5,full,1536,1,1,,,below_threshold
0.457,15,6,full,1536,1,1,,,below_threshold
0.457,15,7,full,1536,1,1,,,below_threshold
0.457,16,0,full,1536,1,1,,,below_threshold
0.457,16,1,full,1536,1,1,,,below_threshold
0.457,16,2,full,1536,1,1,,,below_threshold
0.457,16,3,full,1536,1,1,,,below_threshold
0.457,16,4,full,1536,1,1,,,below_threshold
0.457,16,5,full,1536,1,1,,,below_threshold
0.457,16,6,full,1536,1,1,,,below_threshold
0.457,16,7,full,1536,1,1,,,below_threshold
0.457,17,0,full,1536,1,1,,,below_threshold
0.457,17,1,full,1536,1,1,,,below_threshold
0.457,17,2,full,1536,1,1,,,below_threshold
0.457,17,3,full,1536,1,1,,,below_threshold
0.457,17,4,full,1536,1,1,,,below_threshold
0.457,17,5,full,1536,1,1,,,below_threshold
0.457,17,6,full,1536,1,1,,,below_threshold
0.457,17,7,full,1536,1,1,,,below_threshold
0.457,18,0,compact,128,0.0833333,0.534773,0.100952,0.534773,meets_threshold
0.457,18,1,full,1536,1,1,,,below_threshold
0.457,18,2,full,1536,1,1,,,below_threshold
0.457,18,3,full,1536,1,1,,,below_threshold
0.457,18,4,full,1536,1,1,,,below_threshold
0.457,18,5,full,1536,1,1,,,below_threshold
0.457,18,6,full,1536,1,1,,,below_threshold
0.457,18,7,full,1536,1,1,,,below_threshold
0.457,19,0,full,1536,1,1,,,below_threshold
0.457,19,1,full,1536,1,1,,,below_threshold
0.457,19,2,full,1536,1,1,,,below_threshold
0.457,19,3,full,1536,1,1,,,below_threshold
0.457,19,4,full,1536,1,1,,,below_threshold
0.457,19,5,full,1536,1,1,,,below_threshold
0.457,19,6,full,1536,1,1,,,below_threshold
0.457,19,7,full,1536,1,1,,,below_threshold
0.457,20,0,full,1536,1,1,,,below_threshold
0.457,20,1,full,1536,1,1,,,below_threshold
0.457,20,2,compact,256,0.166667,0.452199,0.151074,0.452199,meets_threshold
0.457,20,3,full,1536,1,1,,,below_threshold
0.457,20,4,full,1536,1,1,,,below_threshold
0.457,20,5,full,1536,1,1,,,below_threshold
0.457,20,6,full,1536,1,1,,,below_threshold
0.457,20,7,full,1536,1,1,,,below_threshold
0.457,21,0,full,1536,1,1,,,below_threshold
0.457,21,1,full,1536,1,1,,,below_threshold
0.457,21,2,full,1536,1,1,,,below_threshold
0.457,21,3,full,1536,1,1,,,below_threshold
0.457,21,4,full,1536,1,1,,,below_threshold
0.457,21,5,full,1536,1,1,,,below_threshold
0.457,21,6,full,1536,1,1,,,below_threshold
0.457,21,7,full,1536,1,1,,,below_threshold
0.457,22,0,full,1536,1,1,,,constrained_out
0.457,22,1,compact,64,0.0416667,0.454562,-0.62248,0.454562,meets_threshold
0.457,22,2,full,1536,1,1,,,below_threshold
0.457,22,3,full,1536,1,1,,,below_threshold
0.457,22,4,full,1536,1,1,,,below_threshold
0.457,22,5,full,1536,1,1,,,below_threshold
0.457,22,6,full,1536,1,1,,,below_threshold
0.457,22,7,full,1536,1,1,,,below_threshold
0.457,23,0,full,1536,1,1,,,below_threshold
0.457,23,1,full,1536,1,1,,,below_threshold
0.457,23,2,full,1536,1,1,,,below_threshold
0.457,23,3,full,1536,1,1,,,below_threshold
0.457,23,4,full,1536,1,1,,,below_threshold
0.457,23,5,full,1536,1,1,,,below_threshold
0.457,23,6,full,1536,1,1,,,below_threshold
0.457,23,7,compact,256,0.166667,0.498822,0.292175,0.498822,meets_threshold
0.457,24,0,full,1536,1,1,,,below_threshold
0.457,24,1,full,1536,1,1,,,below_threshold
0.457,24,2,compact,256,0.166667,0.47761,0.105962,0.47761,meets_threshold
0.457,24,3,full,1536,1,1,,,below_threshold
0.457,24,4,full,1536,1,1,,,below_threshold
0.457,24,5,full,1536,1,1,,,constrained_out
0.457,24,6,full,1536,1,1,,,below_threshold
0.457,24,7,full,1536,1,1,,,below_threshold
0.457,25,0,full,1536,1,1,,,below_threshold
0.457,25,1,full,1536,1,1,,,below_threshold
0.457,25,2,full,1536,1,1,,,below_threshold
0.457,25,3,compact,128,0.0833333,0.481239,-0.0662971,0.481239,meets_threshold
0.457,25,4,full,1536,1,1,,,below_threshold
0.457,25,5,full,1536,1,1,,,constrained_out
0.457,25,6,full,1536,1,1,,,constrained_out
0.457,25,7,full,1536,1,1,,,below_threshold
0.457,26,0,full,1536,1,1,,,below_threshold
0.457,26,1,compact,128,0.0833333,0.495451,-0.859776,0.495451,meets_threshold
0.457,26,2,full,1536,1,1,,,below_threshold
0.457,26,3,full,1536,1,1,,,constrained_out
0.457,26,4,full,1536,1,1,,,below_threshold
0.457,26,5,full,1536,1,1,,,constrained_out
0.457,26,6,full,1536,1,1,,,below_threshold
0.457,26,7,full,1536,1,1,,,constrained_out
0.457,27,0,full,1536,1,1,,,below_threshold
0.457,27,1,full,1536,1,1,,,below_threshold
0.457,27,2,full,1536,1,1,,,below_threshold
0.457,27,3,full,1536,1,1,,,below_threshold
0.457,27,4,full,1536,1,1,,,below_threshold
0.457,27,5,full,1536,1,1,,,below_threshold
0.457,27,6,full,1536,1,1,,,below_threshold
0.457,27,7,full,1536,1,1,,,below_threshold
0.458,0,0,full,1536,1,1,,,below_threshold
0.458,0,1,full,1536,1,1,,,below_threshold
0.458,0,2,full,1536,1,1,,,below_threshold
0.458,0,3,full,1536,1,1,,,below_threshold
0.458,0,4,full,1536,1,1,,,below_threshold
0.458,0,5,full,1536,1,1,,,below_threshold
0.458,0,6,full,1536,1,1,,,below_threshold
0.458,0,7,full,1536,1,1,,,below_threshold
0.458,1,0,full,1536,1,1,,,below_threshold
0.458,1,1,full,1536,1,1,,,below_threshold
0.458,1,2,full,1536,1,1,,,below_threshold
0.458,1,3,full,1536,1,1,,,below_threshold
0.458,1,4,full,1536,1,1,,,below_threshold
0.458,1,5,full,1536,1,1,,,below_threshold
0.458,1,6,full,1536,1,1,,,below_threshold
0.458,1,7,full,1536,1,1,,,below_threshold
0.458,2,0,full,1536,1,1,,,below_threshold
0.458,2,1,full,1536,1,1,,,below_threshold
0.458,2,2,full,1536,1,1,,,below_threshold
0.458,2,3,full,1536,1,1,,,below_threshold
0.458,2,4,full,1536,1,1,,,below_threshold
0.458,2,5,full,1536,1,1,,,constrained_out
0.458,2,6,full,1536,1,1,,,below_threshold
0.458,2,7,compact,128,0.0833333,0.517556,-0.185784,0.517556,meets_threshold
0.458,3,0,compact,64,0.0416667,0.477479,-1.31255,0.477479,meets_threshold
0.458,3,1,full,1536,1,1,,,below_threshold
0.458,3,2,full,1536,1,1,,,below_threshold
0.458,3,3,full,1536,1,1,,,below_threshold
0.458,3,4,full,1536,1,1,,,below_threshold
0.458,3,5,full,1536,1,1,,,below_threshold
0.458,3,6,full,1536,1,1,,,constrained_out
0.458,3,7,full,1536,1,1,,,constrained_out
0.458,4,0,full,1536,1,1,,,below_threshold
0.458,4,1,full,1536,1,1,,,below_threshold
0.458,4,2,full,1536,1,1,,,below_threshold
0.458,4,3,full,1536,1,1,,,below_threshold
0.458,4,4,full,1536,1,1,,,below_threshold
0.458,4,5,full,1536,1,1,,,below_threshold
0.458,4,6,compact,256,0.166667,0.472774,0.333632,0.472774,meets_threshold
0.458,4,7,full,1536,1,1,,,below_threshold
0.458,5,0,full,1536,1,1,,,below_threshold
0.458,5,1,full,1536,1,1,,,below_threshold
0.458,5,2,compact,128,0.0833333,0.478574,-0.0711887,0.478574,meets_threshold
0.458,5,3,full,1536,1,1,,,below_threshold
0.458,5,4,full,1536,1,1,,,below_threshold
0.458,5,5,full,1536,1,1,,,below_threshold
0.458,5,6,full,1536,1,1,,,below_threshold
0.458,5,7,full,1536,1,1,,,below_threshold
0.458,6,0,full,1536,1,1,,,below_threshold
0.458,6,1,full,1536,1,1,,,below_threshold
0.458,6,2,full,1536,1,1,,,below_threshold
0.458,6,3,full,1536,1,1,,,below_threshold
0.458,6,4,full,1536,1,1,,,below_threshold
0.458,6,5,full,1536,1,1,,,below_threshold
0.458,6,6,full,1536,1,1,,,below_threshold
0.458,6,7,compact,64,0.0416667,0.586239,-0.703545,0.586239,meets_threshold
0.458,7,0,full,1536,1,1,,,below_threshold
0.458,7,1,full,1536,1,1,,,below_threshold
0.458,7,2,full,1536,1,1,,,below_threshold
0.458,7,3,full,1536,1,1,,,below_threshold
0.458,7,4,full,1536,1,1,,,below_threshold
0.458,7,5,full,1536,1,1,,,below_threshold
0.458,7,6,full,1536,1,1,,,below_threshold
0.458,7,7,full,1536,1,1,,,below_threshold
0.458,8,0,full,1536,1,1,,,below_threshold
0.458,8,1,compact,128,0.0833333,0.472067,-0.142711,0.472067,meets_threshold
0.458,8,2,full,1536,1,1,,,below_threshold
0.458,8,3,full,1536,1,1,,,below_threshold
0.458,8,4,full,1536,1,1,,,below_threshold
0.458,8,5,full,1536,1,1,,,below_threshold
0.458,8,6,full,1536,1,1,,,below_threshold
0.458,8,7,full,1536,1,1,,,below_threshold
0.458,9,0,full,1536,1,1,,,below_threshold
0.458,9,1,compact,128,0.0833333,0.485147,-0.304665,0.485147,meets_threshold
0.458,9,2,full,1536,1,1,,,below_threshold
0.458,9,3,full,1536,1,1,,,below_threshold
0.458,9,4,full,1536,1,1,,,below_threshold
0.458,9,5,full,1536,1,1,,,below_threshold
0.458,9,6,full,1536,1,1,,,below_threshold
0.458,9,7,full,1536,1,1,,,below_threshold
0.458,10,0,full,1536,1,1,,,below_threshold
0.458,10,1,full,1536,1,1,,,below_threshold
0.458,10,2,full,1536,1,1,,,below_threshold
0.458,10,3,full,1536,1,1,,,drop_l10_h3
0.458,10,4,full,1536,1,1,,,below_threshold
0.458,10,5,full,1536,1,1,,,below_threshold
0.458,10,6,full,1536,1,1,,,below_threshold
0.458,10,7,full,1536,1,1,,,below_threshold
0.458,11,0,full,1536,1,1,,,below_threshold
0.458,11,1,full,1536,1,1,,,below_threshold
0.458,11,2,compact,128,0.0833333,0.47891,0.0805184,0.47891,meets_threshold
0.458,11,3,full,1536,1,1,,,below_threshold
0.458,11,4,full,1536,1,1,,,below_threshold
0.458,11,5,full,1536,1,1,,,below_threshold
0.458,11,6,full,1536,1,1,,,below_threshold
0.458,11,7,full,1536,1,1,,,below_threshold
0.458,12,0,full,1536,1,1,,,below_threshold
0.458,12,1,full,1536,1,1,,,below_threshold
0.458,12,2,full,1536,1,1,,,below_threshold
0.458,12,3,full,1536,1,1,,,below_threshold
0.458,12,4,full,1536,1,1,,,below_threshold
0.458,12,5,full,1536,1,1,,,below_threshold
0.458,12,6,full,1536,1,1,,,below_threshold
0.458,12,7,full,1536,1,1,,,below_threshold
0.458,13,0,full,1536,1,1,,,below_threshold
0.458,13,1,full,1536,1,1,,,below_threshold
0.458,13,2,full,1536,1,1,,,below_threshold
0.458,13,3,full,1536,1,1,,,below_threshold
0.458,13,4,full,1536,1,1,,,below_threshold
0.458,13,5,full,1536,1,1,,,below_threshold
0.458,13,6,full,1536,1,1,,,below_threshold
0.458,13,7,full,1536,1,1,,,below_threshold
0.458,14,0,full,1536,1,1,,,below_threshold
0.458,14,1,full,1536,1,1,,,below_threshold
0.458,14,2,full,1536,1,1,,,below_threshold
0.458,14,3,full,1536,1,1,,,below_threshold
0.458,14,4,full,1536,1,1,,,below_threshold
0.458,14,5,compact,256,0.166667,0.453655,0.202406,0.453655,meets_threshold
0.458,14,6,full,1536,1,1,,,below_threshold
0.458,14,7,full,1536,1,1,,,below_threshold
0.458,15,0,full,1536,1,1,,,below_threshold
0.458,15,1,full,1536,1,1,,,below_threshold
0.458,15,2,full,1536,1,1,,,below_threshold
0.458,15,3,full,1536,1,1,,,below_threshold
0.458,15,4,full,1536,1,1,,,below_threshold
0.458,15,5,full,1536,1,1,,,below_threshold
0.458,15,6,full,1536,1,1,,,below_threshold
0.458,15,7,full,1536,1,1,,,below_threshold
0.458,16,0,full,1536,1,1,,,below_threshold
0.458,16,1,full,1536,1,1,,,below_threshold
0.458,16,2,full,1536,1,1,,,below_threshold
0.458,16,3,full,1536,1,1,,,below_threshold
0.458,16,4,full,1536,1,1,,,below_threshold
0.458,16,5,full,1536,1,1,,,below_threshold
0.458,16,6,full,1536,1,1,,,below_threshold
0.458,16,7,full,1536,1,1,,,below_threshold
0.458,17,0,full,1536,1,1,,,below_threshold
0.458,17,1,full,1536,1,1,,,below_threshold
0.458,17,2,full,1536,1,1,,,below_threshold
0.458,17,3,full,1536,1,1,,,below_threshold
0.458,17,4,full,1536,1,1,,,below_threshold
0.458,17,5,full,1536,1,1,,,below_threshold
0.458,17,6,full,1536,1,1,,,below_threshold
0.458,17,7,full,1536,1,1,,,below_threshold
0.458,18,0,compact,128,0.0833333,0.534773,0.100952,0.534773,meets_threshold
0.458,18,1,full,1536,1,1,,,below_threshold
0.458,18,2,full,1536,1,1,,,below_threshold
0.458,18,3,full,1536,1,1,,,below_threshold
0.458,18,4,full,1536,1,1,,,below_threshold
0.458,18,5,full,1536,1,1,,,below_threshold
0.458,18,6,full,1536,1,1,,,below_threshold
0.458,18,7,full,1536,1,1,,,below_threshold
0.458,19,0,full,1536,1,1,,,below_threshold
0.458,19,1,full,1536,1,1,,,below_threshold
0.458,19,2,full,1536,1,1,,,below_threshold
0.458,19,3,full,1536,1,1,,,below_threshold
0.458,19,4,full,1536,1,1,,,below_threshold
0.458,19,5,full,1536,1,1,,,below_threshold
0.458,19,6,full,1536,1,1,,,below_threshold
0.458,19,7,full,1536,1,1,,,below_threshold
0.458,20,0,full,1536,1,1,,,below_threshold
0.458,20,1,full,1536,1,1,,,below_threshold
0.458,20,2,compact,256,0.166667,0.452199,0.151074,0.452199,meets_threshold
0.458,20,3,full,1536,1,1,,,below_threshold
0.458,20,4,full,1536,1,1,,,below_threshold
0.458,20,5,full,1536,1,1,,,below_threshold
0.458,20,6,full,1536,1,1,,,below_threshold
0.458,20,7,full,1536,1,1,,,below_threshold
0.458,21,0,full,1536,1,1,,,below_threshold
0.458,21,1,full,1536,1,1,,,below_threshold
0.458,21,2,full,1536,1,1,,,below_threshold
0.458,21,3,full,1536,1,1,,,below_threshold
0.458,21,4,full,1536,1,1,,,below_threshold
0.458,21,5,full,1536,1,1,,,below_threshold
0.458,21,6,full,1536,1,1,,,below_threshold
0.458,21,7,full,1536,1,1,,,below_threshold
0.458,22,0,full,1536,1,1,,,constrained_out
0.458,22,1,compact,64,0.0416667,0.454562,-0.62248,0.454562,meets_threshold
0.458,22,2,full,1536,1,1,,,below_threshold
0.458,22,3,full,1536,1,1,,,below_threshold
0.458,22,4,full,1536,1,1,,,below_threshold
0.458,22,5,full,1536,1,1,,,below_threshold
0.458,22,6,full,1536,1,1,,,below_threshold
0.458,22,7,full,1536,1,1,,,below_threshold
0.458,23,0,full,1536,1,1,,,below_threshold
0.458,23,1,full,1536,1,1,,,below_threshold
0.458,23,2,full,1536,1,1,,,below_threshold
0.458,23,3,full,1536,1,1,,,below_threshold
0.458,23,4,full,1536,1,1,,,below_threshold
0.458,23,5,full,1536,1,1,,,below_threshold
0.458,23,6,full,1536,1,1,,,below_threshold
0.458,23,7,compact,256,0.166667,0.498822,0.292175,0.498822,meets_threshold
0.458,24,0,full,1536,1,1,,,below_threshold
0.458,24,1,full,1536,1,1,,,below_threshold
0.458,24,2,compact,256,0.166667,0.47761,0.105962,0.47761,meets_threshold
0.458,24,3,full,1536,1,1,,,below_threshold
0.458,24,4,full,1536,1,1,,,below_threshold
0.458,24,5,full,1536,1,1,,,constrained_out
0.458,24,6,full,1536,1,1,,,below_threshold
0.458,24,7,full,1536,1,1,,,below_threshold
0.458,25,0,full,1536,1,1,,,below_threshold
0.458,25,1,full,1536,1,1,,,below_threshold
0.458,25,2,full,1536,1,1,,,below_threshold
0.458,25,3,compact,128,0.0833333,0.481239,-0.0662971,0.481239,meets_threshold
0.458,25,4,full,1536,1,1,,,below_threshold
0.458,25,5,full,1536,1,1,,,constrained_out
0.458,25,6,full,1536,1,1,,,constrained_out
0.458,25,7,full,1536,1,1,,,below_threshold
0.458,26,0,full,1536,1,1,,,below_threshold
0.458,26,1,compact,128,0.0833333,0.495451,-0.859776,0.495451,meets_threshold
0.458,26,2,full,1536,1,1,,,below_threshold
0.458,26,3,full,1536,1,1,,,constrained_out
0.458,26,4,full,1536,1,1,,,below_threshold
0.458,26,5,full,1536,1,1,,,constrained_out
0.458,26,6,full,1536,1,1,,,below_threshold
0.458,26,7,full,1536,1,1,,,constrained_out
0.458,27,0,full,1536,1,1,,,below_threshold
0.458,27,1,full,1536,1,1,,,below_threshold
0.458,27,2,full,1536,1,1,,,below_threshold
0.458,27,3,full,1536,1,1,,,below_threshold
0.458,27,4,full,1536,1,1,,,below_threshold
0.458,27,5,full,1536,1,1,,,below_threshold
0.458,27,6,full,1536,1,1,,,below_threshold
0.458,27,7,full,1536,1,1,,,below_threshold
0.459,0,0,full,1536,1,1,,,below_threshold
0.459,0,1,full,1536,1,1,,,below_threshold
0.459,0,2,full,1536,1,1,,,below_threshold
0.459,0,3,full,1536,1,1,,,below_threshold
0.459,0,4,full,1536,1,1,,,below_threshold
0.459,0,5,full,1536,1,1,,,below_threshold
0.459,0,6,full,1536,1,1,,,below_threshold
0.459,0,7,full,1536,1,1,,,below_threshold
0.459,1,0,full,1536,1,1,,,below_threshold
0.459,1,1,full,1536,1,1,,,below_threshold
0.459,1,2,full,1536,1,1,,,below_threshold
0.459,1,3,full,1536,1,1,,,below_threshold
0.459,1,4,full,1536,1,1,,,below_threshold
0.459,1,5,full,1536,1,1,,,below_threshold
0.459,1,6,full,1536,1,1,,,below_threshold
0.459,1,7,full,1536,1,1,,,below_threshold
0.459,2,0,full,1536,1,1,,,below_threshold
0.459,2,1,full,1536,1,1,,,below_threshold
0.459,2,2,full,1536,1,1,,,below_threshold
0.459,2,3,full,1536,1,1,,,below_threshold
0.459,2,4,full,1536,1,1,,,below_threshold
0.459,2,5,full,1536,1,1,,,constrained_out
0.459,2,6,full,1536,1,1,,,below_threshold
0.459,2,7,compact,128,0.0833333,0.517556,-0.185784,0.517556,meets_threshold
0.459,3,0,compact,64,0.0416667,0.477479,-1.31255,0.477479,meets_threshold
0.459,3,1,full,1536,1,1,,,below_threshold
0.459,3,2,full,1536,1,1,,,below_threshold
0.459,3,3,full,1536,1,1,,,below_threshold
0.459,3,4,full,1536,1,1,,,below_threshold
0.459,3,5,full,1536,1,1,,,below_threshold
0.459,3,6,full,1536,1,1,,,constrained_out
0.459,3,7,full,1536,1,1,,,constrained_out
0.459,4,0,full,1536,1,1,,,below_threshold
0.459,4,1,full,1536,1,1,,,below_threshold
0.459,4,2,full,1536,1,1,,,below_threshold
0.459,4,3,full,1536,1,1,,,below_threshold
0.459,4,4,full,1536,1,1,,,below_threshold
0.459,4,5,full,1536,1,1,,,below_threshold
0.459,4,6,compact,256,0.166667,0.472774,0.333632,0.472774,meets_threshold
0.459,4,7,full,1536,1,1,,,below_threshold
0.459,5,0,full,1536,1,1,,,below_threshold
0.459,5,1,full,1536,1,1,,,below_threshold
0.459,5,2,compact,128,0.0833333,0.478574,-0.0711887,0.478574,meets_threshold
0.459,5,3,full,1536,1,1,,,below_threshold
0.459,5,4,full,1536,1,1,,,below_threshold
0.459,5,5,full,1536,1,1,,,below_threshold
0.459,5,6,full,1536,1,1,,,below_threshold
0.459,5,7,full,1536,1,1,,,below_threshold
0.459,6,0,full,1536,1,1,,,below_threshold
0.459,6,1,full,1536,1,1,,,below_threshold
0.459,6,2,full,1536,1,1,,,below_threshold
0.459,6,3,full,1536,1,1,,,below_threshold
0.459,6,4,full,1536,1,1,,,below_threshold
0.459,6,5,full,1536,1,1,,,below_threshold
0.459,6,6,full,1536,1,1,,,below_threshold
0.459,6,7,compact,64,0.0416667,0.586239,-0.703545,0.586239,meets_threshold
0.459,7,0,full,1536,1,1,,,below_threshold
0.459,7,1,full,1536,1,1,,,below_threshold
0.459,7,2,full,1536,1,1,,,below_threshold
0.459,7,3,full,1536,1,1,,,below_threshold
0.459,7,4,full,1536,1,1,,,below_threshold
0.459,7,5,full,1536,1,1,,,below_threshold
0.459,7,6,full,1536,1,1,,,below_threshold
0.459,7,7,full,1536,1,1,,,below_threshold
0.459,8,0,full,1536,1,1,,,below_threshold
0.459,8,1,compact,128,0.0833333,0.472067,-0.142711,0.472067,meets_threshold
0.459,8,2,full,1536,1,1,,,below_threshold
0.459,8,3,full,1536,1,1,,,below_threshold
0.459,8,4,full,1536,1,1,,,below_threshold
0.459,8,5,full,1536,1,1,,,below_threshold
0.459,8,6,full,1536,1,1,,,below_threshold
0.459,8,7,full,1536,1,1,,,below_threshold
0.459,9,0,full,1536,1,1,,,below_threshold
0.459,9,1,compact,128,0.0833333,0.485147,-0.304665,0.485147,meets_threshold
0.459,9,2,full,1536,1,1,,,below_threshold
0.459,9,3,full,1536,1,1,,,below_threshold
0.459,9,4,full,1536,1,1,,,below_threshold
0.459,9,5,full,1536,1,1,,,below_threshold
0.459,9,6,full,1536,1,1,,,below_threshold
0.459,9,7,full,1536,1,1,,,below_threshold
0.459,10,0,full,1536,1,1,,,below_threshold
0.459,10,1,full,1536,1,1,,,below_threshold
0.459,10,2,full,1536,1,1,,,below_threshold
0.459,10,3,compact,128,0.0833333,0.456578,-0.885916,0.456578,meets_threshold
0.459,10,4,full,1536,1,1,,,below_threshold
0.459,10,5,full,1536,1,1,,,below_threshold
0.459,10,6,full,1536,1,1,,,below_threshold
0.459,10,7,full,1536,1,1,,,below_threshold
0.459,11,0,full,1536,1,1,,,below_threshold
0.459,11,1,full,1536,1,1,,,below_threshold
0.459,11,2,full,1536,1,1,,,drop_l11_h2
0.459,11,3,full,1536,1,1,,,below_threshold
0.459,11,4,full,1536,1,1,,,below_threshold
0.459,11,5,full,1536,1,1,,,below_threshold
0.459,11,6,full,1536,1,1,,,below_threshold
0.459,11,7,full,1536,1,1,,,below_threshold
0.459,12,0,full,1536,1,1,,,below_threshold
0.459,12,1,full,1536,1,1,,,below_threshold
0.459,12,2,full,1536,1,1,,,below_threshold
0.459,12,3,full,1536,1,1,,,below_threshold
0.459,12,4,full,1536,1,1,,,below_threshold
0.459,12,5,full,1536,1,1,,,below_threshold
0.459,12,6,full,1536,1,1,,,below_threshold
0.459,12,7,full,1536,1,1,,,below_threshold
0.459,13,0,full,1536,1,1,,,below_threshold
0.459,13,1,full,1536,1,1,,,below_threshold
0.459,13,2,full,1536,1,1,,,below_threshold
0.459,13,3,full,1536,1,1,,,below_threshold
0.459,13,4,full,1536,1,1,,,below_threshold
0.459,13,5,full,1536,1,1,,,below_threshold
0.459,13,6,full,1536,1,1,,,below_threshold
0.459,13,7,full,1536,1,1,,,below_threshold
0.459,14,0,full,1536,1,1,,,below_threshold
0.459,14,1,full,1536,1,1,,,below_threshold
0.459,14,2,full,1536,1,1,,,below_threshold
0.459,14,3,full,1536,1,1,,,below_threshold
0.459,14,4,full,1536,1,1,,,below_threshold
0.459,14,5,compact,256,0.166667,0.453655,0.202406,0.453655,meets_threshold
0.459,14,6,full,1536,1,1,,,below_threshold
0.459,14,7,full,1536,1,1,,,below_threshold
0.459,15,0,full,1536,1,1,,,below_threshold
0.459,15,1,full,1536,1,1,,,below_threshold
0.459,15,2,full,1536,1,1,,,below_threshold
0.459,15,3,full,1536,1,1,,,below_threshold
0.459,15,4,full,1536,1,1,,,below_threshold
0.459,15,5,full,1536,1,1,,,below_threshold
0.459,15,6,full,1536,1,1,,,below_threshold
0.459,15,7,full,1536,1,1,,,below_threshold
0.459,16,0,full,1536,1,1,,,below_threshold
0.459,16,1,full,1536,1,1,,,below_threshold
0.459,16,2,full,1536,1,1,,,below_threshold
0.459,16,3,full,1536,1,1,,,below_threshold
0.459,16,4,full,1536,1,1,,,below_threshold
0.459,16,5,full,1536,1,1,,,below_threshold
0.459,16,6,full,1536,1,1,,,below_threshold
0.459,16,7,full,1536,1,1,,,below_threshold
0.459,17,0,full,1536,1,1,,,below_threshold
0.459,17,1,full,1536,1,1,,,below_threshold
0.459,17,2,full,1536,1,1,,,below_threshold
0.459,17,3,full,1536,1,1,,,below_threshold
0.459,17,4,full,1536,1,1,,,below_threshold
0.459,17,5,full,1536,1,1,,,below_threshold
0.459,17,6,full,1536,1,1,,,below_threshold
0.459,17,7,full,1536,1,1,,,below_threshold
0.459,18,0,compact,128,0.0833333,0.534773,0.100952,0.534773,meets_threshold
0.459,18,1,full,1536,1,1,,,below_threshold
0.459,18,2,full,1536,1,1,,,below_threshold
0.459,18,3,full,1536,1,1,,,below_threshold
0.459,18,4,full,1536,1,1,,,below_threshold
0.459,18,5,full,1536,1,1,,,below_threshold
0.459,18,6,full,1536,1,1,,,below_threshold
0.459,18,7,full,1536,1,1,,,below_threshold
0.459,19,0,full,1536,1,1,,,below_threshold
0.459,19,1,full,1536,1,1,,,below_threshold
0.459,19,2,full,1536,1,1,,,below_threshold
0.459,19,3,full,1536,1,1,,,below_threshold
0.459,19,4,full,1536,1,1,,,below_threshold
0.459,19,5,full,1536,1,1,,,below_threshold
0.459,19,6,full,1536,1,1,,,below_threshold
0.459,19,7,full,1536,1,1,,,below_threshold
0.459,20,0,full,1536,1,1,,,below_threshold
0.459,20,1,full,1536,1,1,,,below_threshold
0.459,20,2,compact,256,0.166667,0.452199,0.151074,0.452199,meets_threshold
0.459,20,3,full,1536,1,1,,,below_threshold
0.459,20,4,full,1536,1,1,,,below_threshold
0.459,20,5,full,1536,1,1,,,below_threshold
0.459,20,6,full,1536,1,1,,,below_threshold
0.459,20,7,full,1536,1,1,,,below_threshold
0.459,21,0,full,1536,1,1,,,below_threshold
0.459,21,1,full,1536,1,1,,,below_threshold
0.459,21,2,full,1536,1,1,,,below_threshold
0.459,21,3,full,1536,1,1,,,below_threshold
0.459,21,4,full,1536,1,1,,,below_threshold
0.459,21,5,full,1536,1,1,,,below_threshold
0.459,21,6,full,1536,1,1,,,below_threshold
0.459,21,7,full,1536,1,1,,,below_threshold
0.459,22,0,full,1536,1,1,,,constrained_out
0.459,22,1,compact,64,0.0416667,0.454562,-0.62248,0.454562,meets_threshold
0.459,22,2,full,1536,1,1,,,below_threshold
0.459,22,3,full,1536,1,1,,,below_threshold
0.459,22,4,full,1536,1,1,,,below_threshold
0.459,22,5,full,1536,1,1,,,below_threshold
0.459,22,6,full,1536,1,1,,,below_threshold
0.459,22,7,full,1536,1,1,,,below_threshold
0.459,23,0,full,1536,1,1,,,below_threshold
0.459,23,1,full,1536,1,1,,,below_threshold
0.459,23,2,full,1536,1,1,,,below_threshold
0.459,23,3,full,1536,1,1,,,below_threshold
0.459,23,4,full,1536,1,1,,,below_threshold
0.459,23,5,full,1536,1,1,,,below_threshold
0.459,23,6,full,1536,1,1,,,below_threshold
0.459,23,7,compact,256,0.166667,0.498822,0.292175,0.498822,meets_threshold
0.459,24,0,full,1536,1,1,,,below_threshold
0.459,24,1,full,1536,1,1,,,below_threshold
0.459,24,2,compact,256,0.166667,0.47761,0.105962,0.47761,meets_threshold
0.459,24,3,full,1536,1,1,,,below_threshold
0.459,24,4,full,1536,1,1,,,below_threshold
0.459,24,5,full,1536,1,1,,,constrained_out
0.459,24,6,full,1536,1,1,,,below_threshold
0.459,24,7,full,1536,1,1,,,below_threshold
0.459,25,0,full,1536,1,1,,,below_threshold
0.459,25,1,full,1536,1,1,,,below_threshold
0.459,25,2,full,1536,1,1,,,below_threshold
0.459,25,3,compact,128,0.0833333,0.481239,-0.0662971,0.481239,meets_threshold
0.459,25,4,full,1536,1,1,,,below_threshold
0.459,25,5,full,1536,1,1,,,constrained_out
0.459,25,6,full,1536,1,1,,,constrained_out
0.459,25,7,full,1536,1,1,,,below_threshold
0.459,26,0,full,1536,1,1,,,below_threshold
0.459,26,1,compact,128,0.0833333,0.495451,-0.859776,0.495451,meets_threshold
0.459,26,2,full,1536,1,1,,,below_threshold
0.459,26,3,full,1536,1,1,,,constrained_out
0.459,26,4,full,1536,1,1,,,below_threshold
0.459,26,5,full,1536,1,1,,,constrained_out
0.459,26,6,full,1536,1,1,,,below_threshold
0.459,26,7,full,1536,1,1,,,constrained_out
0.459,27,0,full,1536,1,1,,,below_threshold
0.459,27,1,full,1536,1,1,,,below_threshold
0.459,27,2,full,1536,1,1,,,below_threshold
0.459,27,3,full,1536,1,1,,,below_threshold
0.459,27,4,full,1536,1,1,,,below_threshold
0.459,27,5,full,1536,1,1,,,below_threshold
0.459,27,6,full,1536,1,1,,,below_threshold
0.459,27,7,full,1536,1,1,,,below_threshold
0.46,0,0,full,1536,1,1,,,below_threshold
0.46,0,1,full,1536,1,1,,,below_threshold
0.46,0,2,full,1536,1,1,,,below_threshold
0.46,0,3,full,1536,1,1,,,below_threshold
0.46,0,4,full,1536,1,1,,,below_threshold
0.46,0,5,full,1536,1,1,,,below_threshold
0.46,0,6,full,1536,1,1,,,below_threshold
0.46,0,7,full,1536,1,1,,,below_threshold
0.46,1,0,full,1536,1,1,,,below_threshold
0.46,1,1,full,1536,1,1,,,below_threshold
0.46,1,2,full,1536,1,1,,,below_threshold
0.46,1,3,full,1536,1,1,,,below_threshold
0.46,1,4,full,1536,1,1,,,below_threshold
0.46,1,5,full,1536,1,1,,,below_threshold
0.46,1,6,full,1536,1,1,,,below_threshold
0.46,1,7,full,1536,1,1,,,below_threshold
0.46,2,0,full,1536,1,1,,,below_threshold
0.46,2,1,full,1536,1,1,,,below_threshold
0.46,2,2,full,1536,1,1,,,below_threshold
0.46,2,3,full,1536,1,1,,,below_threshold
0.46,2,4,full,1536,1,1,,,below_threshold
0.46,2,5,full,1536,1,1,,,constrained_out
0.46,2,6,full,1536,1,1,,,below_threshold
0.46,2,7,compact,128,0.0833333,0.517556,-0.185784,0.517556,meets_threshold
0.46,3,0,compact,64,0.0416667,0.477479,-1.31255,0.477479,meets_threshold
0.46,3,1,full,1536,1,1,,,below_threshold
0.46,3,2,full,1536,1,1,,,below_threshold
0.46,3,3,full,1536,1,1,,,below_threshold
0.46,3,4,full,1536,1,1,,,below_threshold
0.46,3,5,full,1536,1,1,,,below_threshold
0.46,3,6,full,1536,1,1,,,constrained_out
0.46,3,7,full,1536,1,1,,,constrained_out
0.46,4,0,full,1536,1,1,,,below_threshold
0.46,4,1,full,1536,1,1,,,below_threshold
0.46,4,2,full,1536,1,1,,,below_threshold
0.46,4,3,full,1536,1,1,,,below_threshold
0.46,4,4,full,1536,1,1,,,below_threshold
0.46,4,5,full,1536,1,1,,,below_threshold
0.46,4,6,compact,256,0.166667,0.472774,0.333632,0.472774,meets_threshold
0.46,4,7,full,1536,1,1,,,below_threshold
0.46,5,0,full,1536,1,1,,,below_threshold
0.46,5,1,full,1536,1,1,,,below_threshold
0.46,5,2,compact,128,0.0833333,0.478574,-0.0711887,0.478574,meets_threshold
0.46,5,3,full,1536,1,1,,,below_threshold
0.46,5,4,full,1536,1,1,,,below_threshold
0.46,5,5,full,1536,1,1,,,below_threshold
0.46,5,6,full,1536,1,1,,,below_threshold
0.46,5,7,full,1536,1,1,,,below_threshold
0.46,6,0,full,1536,1,1,,,below_threshold
0.46,6,1,full,1536,1,1,,,below_threshold
0.46,6,2,full,1536,1,1,,,below_threshold
0.46,6,3,full,1536,1,1,,,below_threshold
0.46,6,4,full,1536,1,1,,,below_threshold
0.46,6,5,full,1536,1,1,,,below_threshold
0.46,6,6,full,1536,1,1,,,below_threshold
0.46,6,7,compact,64,0.0416667,0.586239,-0.703545,0.586239,meets_threshold
0.46,7,0,full,1536,1,1,,,below_threshold
0.46,7,1,full,1536,1,1,,,below_threshold
0.46,7,2,full,1536,1,1,,,below_threshold
0.46,7,3,full,1536,1,1,,,below_threshold
0.46,7,4,full,1536,1,1,,,below_threshold
0.46,7,5,full,1536,1,1,,,below_threshold
0.46,7,6,full,1536,1,1,,,below_threshold
0.46,7,7,full,1536,1,1,,,below_threshold
0.46,8,0,full,1536,1,1,,,below_threshold
0.46,8,1,compact,128,0.0833333,0.472067,-0.142711,0.472067,meets_threshold
0.46,8,2,full,1536,1,1,,,below_threshold
0.46,8,3,full,1536,1,1,,,below_threshold
0.46,8,4,full,1536,1,1,,,below_threshold
0.46,8,5,full,1536,1,1,,,below_threshold
0.46,8,6,full,1536,1,1,,,below_threshold
0.46,8,7,full,1536,1,1,,,below_threshold
0.46,9,0,full,1536,1,1,,,below_threshold
0.46,9,1,compact,128,0.0833333,0.485147,-0.304665,0.485147,meets_threshold
0.46,9,2,full,1536,1,1,,,below_threshold
0.46,9,3,full,1536,1,1,,,below_threshold
0.46,9,4,full,1536,1,1,,,below_threshold
0.46,9,5,full,1536,1,1,,,below_threshold
0.46,9,6,full,1536,1,1,,,below_threshold
0.46,9,7,full,1536,1,1,,,below_threshold
0.46,10,0,full,1536,1,1,,,below_threshold
0.46,10,1,full,1536,1,1,,,below_threshold
0.46,10,2,full,1536,1,1,,,below_threshold
0.46,10,3,compact,128,0.0833333,0.456578,-0.885916,0.456578,meets_threshold
0.46,10,4,full,1536,1,1,,,below_threshold
0.46,10,5,full,1536,1,1,,,below_threshold
0.46,10,6,full,1536,1,1,,,below_threshold
0.46,10,7,full,1536,1,1,,,below_threshold
0.46,11,0,full,1536,1,1,,,below_threshold
0.46,11,1,full,1536,1,1,,,below_threshold
0.46,11,2,compact,128,0.0833333,0.47891,0.0805184,0.47891,meets_threshold
0.46,11,3,full,1536,1,1,,,below_threshold
0.46,11,4,full,1536,1,1,,,below_threshold
0.46,11,5,full,1536,1,1,,,below_threshold
0.46,11,6,full,1536,1,1,,,below_threshold
0.46,11,7,full,1536,1,1,,,below_threshold
0.46,12,0,full,1536,1,1,,,below_threshold
0.46,12,1,full,1536,1,1,,,below_threshold
0.46,12,2,full,1536,1,1,,,below_threshold
0.46,12,3,full,1536,1,1,,,below_threshold
0.46,12,4,full,1536,1,1,,,below_threshold
0.46,12,5,full,1536,1,1,,,below_threshold
0.46,12,6,full,1536,1,1,,,below_threshold
0.46,12,7,full,1536,1,1,,,below_threshold
0.46,13,0,full,1536,1,1,,,below_threshold
0.46,13,1,full,1536,1,1,,,below_threshold
0.46,13,2,full,1536,1,1,,,below_threshold
0.46,13,3,full,1536,1,1,,,below_threshold
0.46,13,4,full,1536,1,1,,,below_threshold
0.46,13,5,full,1536,1,1,,,below_threshold
0.46,13,6,full,1536,1,1,,,below_threshold
0.46,13,7,full,1536,1,1,,,below_threshold
0.46,14,0,full,1536,1,1,,,below_threshold
0.46,14,1,full,1536,1,1,,,below_threshold
0.46,14,2,full,1536,1,1,,,below_threshold
0.46,14,3,full,1536,1,1,,,below_threshold
0.46,14,4,full,1536,1,1,,,below_threshold
0.46,14,5,full,1536,1,1,,,drop_l14_h5
0.46,14,6,full,1536,1,1,,,below_threshold
0.46,14,7,full,1536,1,1,,,below_threshold
0.46,15,0,full,1536,1,1,,,below_threshold
0.46,15,1,full,1536,1,1,,,below_threshold
0.46,15,2,full,1536,1,1,,,below_threshold
0.46,15,3,full,1536,1,1,,,below_threshold
0.46,15,4,full,1536,1,1,,,below_threshold
0.46,15,5,full,1536,1,1,,,below_threshold
0.46,15,6,full,1536,1,1,,,below_threshold
0.46,15,7,full,1536,1,1,,,below_threshold
0.46,16,0,full,1536,1,1,,,below_threshold
0.46,16,1,full,1536,1,1,,,below_threshold
0.46,16,2,full,1536,1,1,,,below_threshold
0.46,16,3,full,1536,1,1,,,below_threshold
0.46,16,4,full,1536,1,1,,,below_threshold
0.46,16,5,full,1536,1,1,,,below_threshold
0.46,16,6,full,1536,1,1,,,below_threshold
0.46,16,7,full,1536,1,1,,,below_threshold
0.46,17,0,full,1536,1,1,,,below_threshold
0.46,17,1,full,1536,1,1,,,below_threshold
0.46,17,2,full,1536,1,1,,,below_threshold
0.46,17,3,full,1536,1,1,,,below_threshold
0.46,17,4,full,1536,1,1,,,below_threshold
0.46,17,5,full,1536,1,1,,,below_threshold
0.46,17,6,full,1536,1,1,,,below_threshold
0.46,17,7,full,1536,1,1,,,below_threshold
0.46,18,0,compact,128,0.0833333,0.534773,0.100952,0.534773,meets_threshold
0.46,18,1,full,1536,1,1,,,below_threshold
0.46,18,2,full,1536,1,1,,,below_threshold
0.46,18,3,full,1536,1,1,,,below_threshold
0.46,18,4,full,1536,1,1,,,below_threshold
0.46,18,5,full,1536,1,1,,,below_threshold
0.46,18,6,full,1536,1,1,,,below_threshold
0.46,18,7,full,1536,1,1,,,below_threshold
0.46,19,0,full,1536,1,1,,,below_threshold
0.46,19,1,full,1536,1,1,,,below_threshold
0.46,19,2,full,1536,1,1,,,below_threshold
0.46,19,3,full,1536,1,1,,,below_threshold
0.46,19,4,full,1536,1,1,,,below_threshold
0.46,19,5,full,1536,1,1,,,below_threshold
0.46,19,6,full,1536,1,1,,,below_threshold
0.46,19,7,full,1536,1,1,,,below_threshold
0.46,20,0,full,1536,1,1,,,below_threshold
0.46,20,1,full,1536,1,1,,,below_threshold
0.46,20,2,compact,256,0.166667,0.452199,0.151074,0.452199,meets_threshold
0.46,20,3,full,1536,1,1,,,below_threshold
0.46,20,4,full,1536,1,1,,,below_threshold
0.46,20,5,full,1536,1,1,,,below_threshold
0.46,20,6,full,1536,1,1,,,below_threshold
0.46,20,7,full,1536,1,1,,,below_threshold
0.46,21,0,full,1536,1,1,,,below_threshold
0.46,21,1,full,1536,1,1,,,below_threshold
0.46,21,2,full,1536,1,1,,,below_threshold
0.46,21,3,full,1536,1,1,,,below_threshold
0.46,21,4,full,1536,1,1,,,below_threshold
0.46,21,5,full,1536,1,1,,,below_threshold
0.46,21,6,full,1536,1,1,,,below_threshold
0.46,21,7,full,1536,1,1,,,below_threshold
0.46,22,0,full,1536,1,1,,,constrained_out
0.46,22,1,compact,64,0.0416667,0.454562,-0.62248,0.454562,meets_threshold
0.46,22,2,full,1536,1,1,,,below_threshold
0.46,22,3,full,1536,1,1,,,below_threshold
0.46,22,4,full,1536,1,1,,,below_threshold
0.46,22,5,full,1536,1,1,,,below_threshold
0.46,22,6,full,1536,1,1,,,below_threshold
0.46,22,7,full,1536,1,1,,,below_threshold
0.46,23,0,full,1536,1,1,,,below_threshold
0.46,23,1,full,1536,1,1,,,below_threshold
0.46,23,2,full,1536,1,1,,,below_threshold
0.46,23,3,full,1536,1,1,,,below_threshold
0.46,23,4,full,1536,1,1,,,below_threshold
0.46,23,5,full,1536,1,1,,,below_threshold
0.46,23,6,full,1536,1,1,,,below_threshold
0.46,23,7,compact,256,0.166667,0.498822,0.292175,0.498822,meets_threshold
0.46,24,0,full,1536,1,1,,,below_threshold
0.46,24,1,full,1536,1,1,,,below_threshold
0.46,24,2,compact,256,0.166667,0.47761,0.105962,0.47761,meets_threshold
0.46,24,3,full,1536,1,1,,,below_threshold
0.46,24,4,full,1536,1,1,,,below_threshold
0.46,24,5,full,1536,1,1,,,constrained_out
0.46,24,6,full,1536,1,1,,,below_threshold
0.46,24,7,full,1536,1,1,,,below_threshold
0.46,25,0,full,1536,1,1,,,below_threshold
0.46,25,1,full,1536,1,1,,,below_threshold
0.46,25,2,full,1536,1,1,,,below_threshold
0.46,25,3,compact,128,0.0833333,0.481239,-0.0662971,0.481239,meets_threshold
0.46,25,4,full,1536,1,1,,,below_threshold
0.46,25,5,full,1536,1,1,,,constrained_out
0.46,25,6,full,1536,1,1,,,constrained_out
0.46,25,7,full,1536,1,1,,,below_threshold
0.46,26,0,full,1536,1,1,,,below_threshold
0.46,26,1,compact,128,0.0833333,0.495451,-0.859776,0.495451,meets_threshold
0.46,26,2,full,1536,1,1,,,below_threshold
0.46,26,3,full,1536,1,1,,,constrained_out
0.46,26,4,full,1536,1,1,,,below_threshold
0.46,26,5,full,1536,1,1,,,constrained_out
0.46,26,6,full,1536,1,1,,,below_threshold
0.46,26,7,full,1536,1,1,,,constrained_out
0.46,27,0,full,1536,1,1,,,below_threshold
0.46,27,1,full,1536,1,1,,,below_threshold
0.46,27,2,full,1536,1,1,,,below_threshold
0.46,27,3,full,1536,1,1,,,below_threshold
0.46,27,4,full,1536,1,1,,,below_threshold
0.46,27,5,full,1536,1,1,,,below_threshold
0.46,27,6,full,1536,1,1,,,below_threshold
0.46,27,7,full,1536,1,1,,,below_threshold
0.461,0,0,full,1536,1,1,,,below_threshold
0.461,0,1,full,1536,1,1,,,below_threshold
0.461,0,2,full,1536,1,1,,,below_threshold
0.461,0,3,full,1536,1,1,,,below_threshold
0.461,0,4,full,1536,1,1,,,below_threshold
0.461,0,5,full,1536,1,1,,,below_threshold
0.461,0,6,full,1536,1,1,,,below_threshold
0.461,0,7,full,1536,1,1,,,below_threshold
0.461,1,0,full,1536,1,1,,,below_threshold
0.461,1,1,full,1536,1,1,,,below_threshold
0.461,1,2,full,1536,1,1,,,below_threshold
0.461,1,3,full,1536,1,1,,,below_threshold
0.461,1,4,full,1536,1,1,,,below_threshold
0.461,1,5,full,1536,1,1,,,below_threshold
0.461,1,6,full,1536,1,1,,,below_threshold
0.461,1,7,full,1536,1,1,,,below_threshold
0.461,2,0,full,1536,1,1,,,below_threshold
0.461,2,1,full,1536,1,1,,,below_threshold
0.461,2,2,full,1536,1,1,,,below_threshold
0.461,2,3,full,1536,1,1,,,below_threshold
0.461,2,4,full,1536,1,1,,,below_threshold
0.461,2,5,full,1536,1,1,,,constrained_out
0.461,2,6,full,1536,1,1,,,below_threshold
0.461,2,7,compact,128,0.0833333,0.517556,-0.185784,0.517556,meets_threshold
0.461,3,0,compact,64,0.0416667,0.477479,-1.31255,0.477479,meets_threshold
0.461,3,1,full,1536,1,1,,,below_threshold
0.461,3,2,full,1536,1,1,,,below_threshold
0.461,3,3,full,1536,1,1,,,below_threshold
0.461,3,4,full,1536,1,1,,,below_threshold
0.461,3,5,full,1536,1,1,,,below_threshold
0.461,3,6,full,1536,1,1,,,constrained_out
0.461,3,7,full,1536,1,1,,,constrained_out
0.461,4,0,full,1536,1,1,,,below_threshold
0.461,4,1,full,1536,1,1,,,below_threshold
0.461,4,2,full,1536,1,1,,,below_threshold
0.461,4,3,full,1536,1,1,,,below_threshold
0.461,4,4,full,1536,1,1,,,below_threshold
0.461,4,5,full,1536,1,1,,,below_threshold
0.461,4,6,compact,256,0.166667,0.472774,0.333632,0.472774,meets_threshold
0.461,4,7,full,1536,1,1,,,below_threshold
0.461,5,0,full,1536,1,1,,,below_threshold
0.461,5,1,full,1536,1,1,,,below_threshold
0.461,5,2,compact,128,0.0833333,0.478574,-0.0711887,0.478574,meets_threshold
0.461,5,3,full,1536,1,1,,,below_threshold
0.461,5,4,full,1536,1,1,,,below_threshold
0.461,5,5,full,1536,1,1,,,below_threshold
0.461,5,6,full,1536,1,1,,,below_threshold
0.461,5,7,full,1536,1,1,,,below_threshold
0.461,6,0,full,1536,1,1,,,below_threshold
0.461,6,1,full,1536,1,1,,,below_threshold
0.461,6,2,full,1536,1,1,,,below_threshold
0.461,6,3,full,1536,1,1,,,below_threshold
0.461,6,4,full,1536,1,1,,,below_threshold
0.461,6,5,full,1536,1,1,,,below_threshold
0.461,6,6,full,1536,1,1,,,below_threshold
0.461,6,7,compact,64,0.0416667,0.586239,-0.703545,0.586239,meets_threshold
0.461,7,0,full,1536,1,1,,,below_threshold
0.461,7,1,full,1536,1,1,,,below_threshold
0.461,7,2,full,1536,1,1,,,below_threshold
0.461,7,3,full,1536,1,1,,,below_threshold
0.461,7,4,full,1536,1,1,,,below_threshold
0.461,7,5,full,1536,1,1,,,below_threshold
0.461,7,6,full,1536,1,1,,,below_threshold
0.461,7,7,full,1536,1,1,,,below_threshold
0.461,8,0,full,1536,1,1,,,below_threshold
0.461,8,1,compact,128,0.0833333,0.472067,-0.142711,0.472067,meets_threshold
0.461,8,2,full,1536,1,1,,,below_threshold
0.461,8,3,full,1536,1,1,,,below_threshold
0.461,8,4,full,1536,1,1,,,below_threshold
0.461,8,5,full,1536,1,1,,,below_threshold
0.461,8,6,full,1536,1,1,,,below_threshold
0.461,8,7,full,1536,1,1,,,below_threshold
0.461,9,0,full,1536,1,1,,,below_threshold
0.461,9,1,compact,128,0.0833333,0.485147,-0.304665,0.485147,meets_threshold
0.461,9,2,full,1536,1,1,,,below_threshold
0.461,9,3,full,1536,1,1,,,below_threshold
0.461,9,4,full,1536,1,1,,,below_threshold
0.461,9,5,full,1536,1,1,,,below_threshold
0.461,9,6,full,1536,1,1,,,below_threshold
0.461,9,7,full,1536,1,1,,,below_threshold
0.461,10,0,full,1536,1,1,,,below_threshold
0.461,10,1,full,1536,1,1,,,below_threshold
0.461,10,2,full,1536,1,1,,,below_threshold
0.461,10,3,compact,128,0.0833333,0.456578,-0.885916,0.456578,meets_threshold
0.461,10,4,full,1536,1,1,,,below_threshold
0.461,10,5,full,1536,1,1,,,below_threshold
0.461,10,6,full,1536,1,1,,,below_threshold
0.461,10,7,full,1536,1,1,,,below_threshold
0.461,11,0,full,1536,1,1,,,below_threshold
0.461,11,1,full,1536,1,1,,,below_threshold
0.461,11,2,compact,128,0.0833333,0.47891,0.0805184,0.47891,meets_threshold
0.461,11,3,full,1536,1,1,,,below_threshold
0.461,11,4,full,1536,1,1,,,below_threshold
0.461,11,5,full,1536,1,1,,,below_threshold
0.461,11,6,full,1536,1,1,,,below_threshold
0.461,11,7,full,1536,1,1,,,below_threshold
0.461,12,0,full,1536,1,1,,,below_threshold
0.461,12,1,full,1536,1,1,,,below_threshold
0.461,12,2,full,1536,1,1,,,below_threshold
0.461,12,3,full,1536,1,1,,,below_threshold
0.461,12,4,full,1536,1,1,,,below_threshold
0.461,12,5,full,1536,1,1,,,below_threshold
0.461,12,6,full,1536,1,1,,,below_threshold
0.461,12,7,full,1536,1,1,,,below_threshold
0.461,13,0,full,1536,1,1,,,below_threshold
0.461,13,1,full,1536,1,1,,,below_threshold
0.461,13,2,full,1536,1,1,,,below_threshold
0.461,13,3,full,1536,1,1,,,below_threshold
0.461,13,4,full,1536,1,1,,,below_threshold
0.461,13,5,full,1536,1,1,,,below_threshold
0.461,13,6,full,1536,1,1,,,below_threshold
0.461,13,7,full,1536,1,1,,,below_threshold
0.461,14,0,full,1536,1,1,,,below_threshold
0.461,14,1,full,1536,1,1,,,below_threshold
0.461,14,2,full,1536,1,1,,,below_threshold
0.461,14,3,full,1536,1,1,,,below_threshold
0.461,14,4,full,1536,1,1,,,below_threshold
0.461,14,5,compact,256,0.166667,0.453655,0.202406,0.453655,meets_threshold
0.461,14,6,full,1536,1,1,,,below_threshold
0.461,14,7,full,1536,1,1,,,below_threshold
0.461,15,0,full,1536,1,1,,,below_threshold
0.461,15,1,full,1536,1,1,,,below_threshold
0.461,15,2,full,1536,1,1,,,below_threshold
0.461,15,3,full,1536,1,1,,,below_threshold
0.461,15,4,full,1536,1,1,,,below_threshold
0.461,15,5,full,1536,1,1,,,below_threshold
0.461,15,6,full,1536,1,1,,,below_threshold
0.461,15,7,full,1536,1,1,,,below_threshold
0.461,16,0,full,1536,1,1,,,below_threshold
0.461,16,1,full,1536,1,1,,,below_threshold
0.461,16,2,full,1536,1,1,,,below_threshold
0.461,16,3,full,1536,1,1,,,below_threshold
0.461,16,4,full,1536,1,1,,,below_threshold
0.461,16,5,full,1536,1,1,,,below_threshold
0.461,16,6,full,1536,1,1,,,below_threshold
0.461,16,7,full,1536,1,1,,,below_threshold
0.461,17,0,full,1536,1,1,,,below_threshold
0.461,17,1,full,1536,1,1,,,below_threshold
0.461,17,2,full,1536,1,1,,,below_threshold
0.461,17,3,full,1536,1,1,,,below_threshold
0.461,17,4,full,1536,1,1,,,below_threshold
0.461,17,5,full,1536,1,1,,,below_threshold
0.461,17,6,full,1536,1,1,,,below_threshold
0.461,17,7,full,1536,1,1,,,below_threshold
0.461,18,0,full,1536,1,1,,,drop_l18_h0
0.461,18,1,full,1536,1,1,,,below_threshold
0.461,18,2,full,1536,1,1,,,below_threshold
0.461,18,3,full,1536,1,1,,,below_threshold
0.461,18,4,full,1536,1,1,,,below_threshold
0.461,18,5,full,1536,1,1,,,below_threshold
0.461,18,6,full,1536,1,1,,,below_threshold
0.461,18,7,full,1536,1,1,,,below_threshold
0.461,19,0,full,1536,1,1,,,below_threshold
0.461,19,1,full,1536,1,1,,,below_threshold
0.461,19,2,full,1536,1,1,,,below_threshold
0.461,19,3,full,1536,1,1,,,below_threshold
0.461,19,4,full,1536,1,1,,,below_threshold
0.461,19,5,full,1536,1,1,,,below_threshold
0.461,19,6,full,1536,1,1,,,below_threshold
0.461,19,7,full,1536,1,1,,,below_threshold
0.461,20,0,full,1536,1,1,,,below_threshold
0.461,20,1,full,1536,1,1,,,below_threshold
0.461,20,2,compact,256,0.166667,0.452199,0.151074,0.452199,meets_threshold
0.461,20,3,full,1536,1,1,,,below_threshold
0.461,20,4,full,1536,1,1,,,below_threshold
0.461,20,5,full,1536,1,1,,,below_threshold
0.461,20,6,full,1536,1,1,,,below_threshold
0.461,20,7,full,1536,1,1,,,below_threshold
0.461,21,0,full,1536,1,1,,,below_threshold
0.461,21,1,full,1536,1,1,,,below_threshold
0.461,21,2,full,1536,1,1,,,below_threshold
0.461,21,3,full,1536,1,1,,,below_threshold
0.461,21,4,full,1536,1,1,,,below_threshold
0.461,21,5,full,1536,1,1,,,below_threshold
0.461,21,6,full,1536,1,1,,,below_threshold
0.461,21,7,full,1536,1,1,,,below_threshold
0.461,22,0,full,1536,1,1,,,constrained_out
0.461,22,1,compact,64,0.0416667,0.454562,-0.62248,0.454562,meets_threshold
0.461,22,2,full,1536,1,1,,,below_threshold
0.461,22,3,full,1536,1,1,,,below_threshold
0.461,22,4,full,1536,1,1,,,below_threshold
0.461,22,5,full,1536,1,1,,,below_threshold
0.461,22,6,full,1536,1,1,,,below_threshold
0.461,22,7,full,1536,1,1,,,below_threshold
0.461,23,0,full,1536,1,1,,,below_threshold
0.461,23,1,full,1536,1,1,,,below_threshold
0.461,23,2,full,1536,1,1,,,below_threshold
0.461,23,3,full,1536,1,1,,,below_threshold
0.461,23,4,full,1536,1,1,,,below_threshold
0.461,23,5,full,1536,1,1,,,below_threshold
0.461,23,6,full,1536,1,1,,,below_threshold
0.461,23,7,compact,256,0.166667,0.498822,0.292175,0.498822,meets_threshold
0.461,24,0,full,1536,1,1,,,below_threshold
0.461,24,1,full,1536,1,1,,,below_threshold
0.461,24,2,compact,256,0.166667,0.47761,0.105962,0.47761,meets_threshold
0.461,24,3,full,1536,1,1,,,below_threshold
0.461,24,4,full,1536,1,1,,,below_threshold
0.461,24,5,full,1536,1,1,,,constrained_out
0.461,24,6,full,1536,1,1,,,below_threshold
0.461,24,7,full,1536,1,1,,,below_threshold
0.461,25,0,full,1536,1,1,,,below_threshold
0.461,25,1,full,1536,1,1,,,below_threshold
0.461,25,2,full,1536,1,1,,,below_threshold
0.461,25,3,compact,128,0.0833333,0.481239,-0.0662971,0.481239,meets_threshold
0.461,25,4,full,1536,1,1,,,below_threshold
0.461,25,5,full,1536,1,1,,,constrained_out
0.461,25,6,full,1536,1,1,,,constrained_out
0.461,25,7,full,1536,1,1,,,below_threshold
0.461,26,0,full,1536,1,1,,,below_threshold
0.461,26,1,compact,128,0.0833333,0.495451,-0.859776,0.495451,meets_threshold
0.461,26,2,full,1536,1,1,,,below_threshold
0.461,26,3,full,1536,1,1,,,constrained_out
0.461,26,4,full,1536,1,1,,,below_threshold
0.461,26,5,full,1536,1,1,,,constrained_out
0.461,26,6,full,1536,1,1,,,below_threshold
0.461,26,7,full,1536,1,1,,,constrained_out
0.461,27,0,full,1536,1,1,,,below_threshold
0.461,27,1,full,1536,1,1,,,below_threshold
0.461,27,2,full,1536,1,1,,,below_threshold
0.461,27,3,full,1536,1,1,,,below_threshold
0.461,27,4,full,1536,1,1,,,below_threshold
0.461,27,5,full,1536,1,1,,,below_threshold
0.461,27,6,full,1536,1,1,,,below_threshold
0.461,27,7,full,1536,1,1,,,below_threshold
0.462,0,0,full,1536,1,1,,,below_threshold
0.462,0,1,full,1536,1,1,,,below_threshold
0.462,0,2,full,1536,1,1,,,below_threshold
0.462,0,3,full,1536,1,1,,,below_threshold
0.462,0,4,full,1536,1,1,,,below_threshold
0.462,0,5,full,1536,1,1,,,below_threshold
0.462,0,6,full,1536,1,1,,,below_threshold
0.462,0,7,full,1536,1,1,,,below_threshold
0.462,1,0,full,1536,1,1,,,below_threshold
0.462,1,1,full,1536,1,1,,,below_threshold
0.462,1,2,full,1536,1,1,,,below_threshold
0.462,1,3,full,1536,1,1,,,below_threshold
0.462,1,4,full,1536,1,1,,,below_threshold
0.462,1,5,full,1536,1,1,,,below_threshold
0.462,1,6,full,1536,1,1,,,below_threshold
0.462,1,7,full,1536,1,1,,,below_threshold
0.462,2,0,full,1536,1,1,,,below_threshold
0.462,2,1,full,1536,1,1,,,below_threshold
0.462,2,2,full,1536,1,1,,,below_threshold
0.462,2,3,full,1536,1,1,,,below_threshold
0.462,2,4,full,1536,1,1,,,below_threshold
0.462,2,5,full,1536,1,1,,,constrained_out
0.462,2,6,full,1536,1,1,,,below_threshold
0.462,2,7,compact,128,0.0833333,0.517556,-0.185784,0.517556,meets_threshold
0.462,3,0,compact,64,0.0416667,0.477479,-1.31255,0.477479,meets_threshold
0.462,3,1,full,1536,1,1,,,below_threshold
0.462,3,2,full,1536,1,1,,,below_threshold
0.462,3,3,full,1536,1,1,,,below_threshold
0.462,3,4,full,1536,1,1,,,below_threshold
0.462,3,5,full,1536,1,1,,,below_threshold
0.462,3,6,full,1536,1,1,,,constrained_out
0.462,3,7,full,1536,1,1,,,constrained_out
0.462,4,0,full,1536,1,1,,,below_threshold
0.462,4,1,full,1536,1,1,,,below_threshold
0.462,4,2,full,1536,1,1,,,below_threshold
0.462,4,3,full,1536,1,1,,,below_threshold
0.462,4,4,full,1536,1,1,,,below_threshold
0.462,4,5,full,1536,1,1,,,below_threshold
0.462,4,6,compact,256,0.166667,0.472774,0.333632,0.472774,meets_threshold
0.462,4,7,full,1536,1,1,,,below_threshold
0.462,5,0,full,1536,1,1,,,below_threshold
0.462,5,1,full,1536,1,1,,,below_threshold
0.462,5,2,compact,128,0.0833333,0.478574,-0.0711887,0.478574,meets_threshold
0.462,5,3,full,1536,1,1,,,below_threshold
0.462,5,4,full,1536,1,1,,,below_threshold
0.462,5,5,full,1536,1,1,,,below_threshold
0.462,5,6,full,1536,1,1,,,below_threshold
0.462,5,7,full,1536,1,1,,,below_threshold
0.462,6,0,full,1536,1,1,,,below_threshold
0.462,6,1,full,1536,1,1,,,below_threshold
0.462,6,2,full,1536,1,1,,,below_threshold
0.462,6,3,full,1536,1,1,,,below_threshold
0.462,6,4,full,1536,1,1,,,below_threshold
0.462,6,5,full,1536,1,1,,,below_threshold
0.462,6,6,full,1536,1,1,,,below_threshold
0.462,6,7,compact,64,0.0416667,0.586239,-0.703545,0.586239,meets_threshold
0.462,7,0,full,1536,1,1,,,below_threshold
0.462,7,1,full,1536,1,1,,,below_threshold
0.462,7,2,full,1536,1,1,,,below_threshold
0.462,7,3,full,1536,1,1,,,below_threshold
0.462,7,4,full,1536,1,1,,,below_threshold
0.462,7,5,full,1536,1,1,,,below_threshold
0.462,7,6,full,1536,1,1,,,below_threshold
0.462,7,7,full,1536,1,1,,,below_threshold
0.462,8,0,full,1536,1,1,,,below_threshold
0.462,8,1,compact,128,0.0833333,0.472067,-0.142711,0.472067,meets_threshold
0.462,8,2,full,1536,1,1,,,below_threshold
0.462,8,3,full,1536,1,1,,,below_threshold
0.462,8,4,full,1536,1,1,,,below_threshold
0.462,8,5,full,1536,1,1,,,below_threshold
0.462,8,6,full,1536,1,1,,,below_threshold
0.462,8,7,full,1536,1,1,,,below_threshold
0.462,9,0,full,1536,1,1,,,below_threshold
0.462,9,1,compact,128,0.0833333,0.485147,-0.304665,0.485147,meets_threshold
0.462,9,2,full,1536,1,1,,,below_threshold
0.462,9,3,full,1536,1,1,,,below_threshold
0.462,9,4,full,1536,1,1,,,below_threshold
0.462,9,5,full,1536,1,1,,,below_threshold
0.462,9,6,full,1536,1,1,,,below_threshold
0.462,9,7,full,1536,1,1,,,below_threshold
0.462,10,0,full,1536,1,1,,,below_threshold
0.462,10,1,full,1536,1,1,,,below_threshold
0.462,10,2,full,1536,1,1,,,below_threshold
0.462,10,3,compact,128,0.0833333,0.456578,-0.885916,0.456578,meets_threshold
0.462,10,4,full,1536,1,1,,,below_threshold
0.462,10,5,full,1536,1,1,,,below_threshold
0.462,10,6,full,1536,1,1,,,below_threshold
0.462,10,7,full,1536,1,1,,,below_threshold
0.462,11,0,full,1536,1,1,,,below_threshold
0.462,11,1,full,1536,1,1,,,below_threshold
0.462,11,2,compact,128,0.0833333,0.47891,0.0805184,0.47891,meets_threshold
0.462,11,3,full,1536,1,1,,,below_threshold
0.462,11,4,full,1536,1,1,,,below_threshold
0.462,11,5,full,1536,1,1,,,below_threshold
0.462,11,6,full,1536,1,1,,,below_threshold
0.462,11,7,full,1536,1,1,,,below_threshold
0.462,12,0,full,1536,1,1,,,below_threshold
0.462,12,1,full,1536,1,1,,,below_threshold
0.462,12,2,full,1536,1,1,,,below_threshold
0.462,12,3,full,1536,1,1,,,below_threshold
0.462,12,4,full,1536,1,1,,,below_threshold
0.462,12,5,full,1536,1,1,,,below_threshold
0.462,12,6,full,1536,1,1,,,below_threshold
0.462,12,7,full,1536,1,1,,,below_threshold
0.462,13,0,full,1536,1,1,,,below_threshold
0.462,13,1,full,1536,1,1,,,below_threshold
0.462,13,2,full,1536,1,1,,,below_threshold
0.462,13,3,full,1536,1,1,,,below_threshold
0.462,13,4,full,1536,1,1,,,below_threshold
0.462,13,5,full,1536,1,1,,,below_threshold
0.462,13,6,full,1536,1,1,,,below_threshold
0.462,13,7,full,1536,1,1,,,below_threshold
0.462,14,0,full,1536,1,1,,,below_threshold
0.462,14,1,full,1536,1,1,,,below_threshold
0.462,14,2,full,1536,1,1,,,below_threshold
0.462,14,3,full,1536,1,1,,,below_threshold
0.462,14,4,full,1536,1,1,,,below_threshold
0.462,14,5,compact,256,0.166667,0.453655,0.202406,0.453655,meets_threshold
0.462,14,6,full,1536,1,1,,,below_threshold
0.462,14,7,full,1536,1,1,,,below_threshold
0.462,15,0,full,1536,1,1,,,below_threshold
0.462,15,1,full,1536,1,1,,,below_threshold
0.462,15,2,full,1536,1,1,,,below_threshold
0.462,15,3,full,1536,1,1,,,below_threshold
0.462,15,4,full,1536,1,1,,,below_threshold
0.462,15,5,full,1536,1,1,,,below_threshold
0.462,15,6,full,1536,1,1,,,below_threshold
0.462,15,7,full,1536,1,1,,,below_threshold
0.462,16,0,full,1536,1,1,,,below_threshold
0.462,16,1,full,1536,1,1,,,below_threshold
0.462,16,2,full,1536,1,1,,,below_threshold
0.462,16,3,full,1536,1,1,,,below_threshold
0.462,16,4,full,1536,1,1,,,below_threshold
0.462,16,5,full,1536,1,1,,,below_threshold
0.462,16,6,full,1536,1,1,,,below_threshold
0.462,16,7,full,1536,1,1,,,below_threshold
0.462,17,0,full,1536,1,1,,,below_threshold
0.462,17,1,full,1536,1,1,,,below_threshold
0.462,17,2,full,1536,1,1,,,below_threshold
0.462,17,3,full,1536,1,1,,,below_threshold
0.462,17,4,full,1536,1,1,,,below_threshold
0.462,17,5,full,1536,1,1,,,below_threshold
0.462,17,6,full,1536,1,1,,,below_threshold
0.462,17,7,full,1536,1,1,,,below_threshold
0.462,18,0,compact,128,0.0833333,0.534773,0.100952,0.534773,meets_threshold
0.462,18,1,full,1536,1,1,,,below_threshold
0.462,18,2,full,1536,1,1,,,below_threshold
0.462,18,3,full,1536,1,1,,,below_threshold
0.462,18,4,full,1536,1,1,,,below_threshold
0.462,18,5,full,1536,1,1,,,below_threshold
0.462,18,6,full,1536,1,1,,,below_threshold
0.462,18,7,full,1536,1,1,,,below_threshold
0.462,19,0,full,1536,1,1,,,below_threshold
0.462,19,1,full,1536,1,1,,,below_threshold
0.462,19,2,full,1536,1,1,,,below_threshold
0.462,19,3,full,1536,1,1,,,below_threshold
0.462,19,4,full,1536,1,1,,,below_threshold
0.462,19,5,full,1536,1,1,,,below_threshold
0.462,19,6,full,1536,1,1,,,below_threshold
0.462,19,7,full,1536,1,1,,,below_threshold
0.462,20,0,full,1536,1,1,,,below_threshold
0.462,20,1,full,1536,1,1,,,below_threshold
0.462,20,2,full,1536,1,1,,,drop_l20_h2
0.462,20,3,full,1536,1,1,,,below_threshold
0.462,20,4,full,1536,1,1,,,below_threshold
0.462,20,5,full,1536,1,1,,,below_threshold
0.462,20,6,full,1536,1,1,,,below_threshold
0.462,20,7,full,1536,1,1,,,below_threshold
0.462,21,0,full,1536,1,1,,,below_threshold
0.462,21,1,full,1536,1,1,,,below_threshold
0.462,21,2,full,1536,1,1,,,below_threshold
0.462,21,3,full,1536,1,1,,,below_threshold
0.462,21,4,full,1536,1,1,,,below_threshold
0.462,21,5,full,1536,1,1,,,below_threshold
0.462,21,6,full,1536,1,1,,,below_threshold
0.462,21,7,full,1536,1,1,,,below_threshold
0.462,22,0,full,1536,1,1,,,constrained_out
0.462,22,1,compact,64,0.0416667,0.454562,-0.62248,0.454562,meets_threshold
0.462,22,2,full,1536,1,1,,,below_threshold
0.462,22,3,full,1536,1,1,,,below_threshold
0.462,22,4,full,1536,1,1,,,below_threshold
0.462,22,5,full,1536,1,1,,,below_threshold
0.462,22,6,full,1536,1,1,,,below_threshold
0.462,22,7,full,1536,1,1,,,below_threshold
0.462,23,0,full,1536,1,1,,,below_threshold
0.462,23,1,full,1536,1,1,,,below_threshold
0.462,23,2,full,1536,1,1,,,below_threshold
0.462,23,3,full,1536,1,1,,,below_threshold
0.462,23,4,full,1536,1,1,,,below_threshold
0.462,23,5,full,1536,1,1,,,below_threshold
0.462,23,6,full,1536,1,1,,,below_threshold
0.462,23,7,compact,256,0.166667,0.498822,0.292175,0.498822,meets_threshold
0.462,24,0,full,1536,1,1,,,below_threshold
0.462,24,1,full,1536,1,1,,,below_threshold
0.462,24,2,compact,256,0.166667,0.47761,0.105962,0.47761,meets_threshold
0.462,24,3,full,1536,1,1,,,below_threshold
0.462,24,4,full,1536,1,1,,,below_threshold
0.462,24,5,full,1536,1,1,,,constrained_out
0.462,24,6,full,1536,1,1,,,below_threshold
0.462,24,7,full,1536,1,1,,,below_threshold
0.462,25,0,full,1536,1,1,,,below_threshold
0.462,25,1,full,1536,1,1,,,below_threshold
0.462,25,2,full,1536,1,1,,,below_threshold
0.462,25,3,compact,128,0.0833333,0.481239,-0.0662971,0.481239,meets_threshold
0.462,25,4,full,1536,1,1,,,below_threshold
0.462,25,5,full,1536,1,1,,,constrained_out
0.462,25,6,full,1536,1,1,,,constrained_out
0.462,25,7,full,1536,1,1,,,below_threshold
0.462,26,0,full,1536,1,1,,,below_threshold
0.462,26,1,compact,128,0.0833333,0.495451,-0.859776,0.495451,meets_threshold
0.462,26,2,full,1536,1,1,,,below_threshold
0.462,26,3,full,1536,1,1,,,constrained_out
0.462,26,4,full,1536,1,1,,,below_threshold
0.462,26,5,full,1536,1,1,,,constrained_out
0.462,26,6,full,1536,1,1,,,below_threshold
0.462,26,7,full,1536,1,1,,,constrained_out
0.462,27,0,full,1536,1,1,,,below_threshold
0.462,27,1,full,1536,1,1,,,below_threshold
0.462,27,2,full,1536,1,1,,,below_threshold
0.462,27,3,full,1536,1,1,,,below_threshold
0.462,27,4,full,1536,1,1,,,below_threshold
0.462,27,5,full,1536,1,1,,,below_threshold
0.462,27,6,full,1536,1,1,,,below_threshold
0.462,27,7,full,1536,1,1,,,below_threshold
0.463,0,0,full,1536,1,1,,,below_threshold
0.463,0,1,full,1536,1,1,,,below_threshold
0.463,0,2,full,1536,1,1,,,below_threshold
0.463,0,3,full,1536,1,1,,,below_threshold
0.463,0,4,full,1536,1,1,,,below_threshold
0.463,0,5,full,1536,1,1,,,below_threshold
0.463,0,6,full,1536,1,1,,,below_threshold
0.463,0,7,full,1536,1,1,,,below_threshold
0.463,1,0,full,1536,1,1,,,below_threshold
0.463,1,1,full,1536,1,1,,,below_threshold
0.463,1,2,full,1536,1,1,,,below_threshold
0.463,1,3,full,1536,1,1,,,below_threshold
0.463,1,4,full,1536,1,1,,,below_threshold
0.463,1,5,full,1536,1,1,,,below_threshold
0.463,1,6,full,1536,1,1,,,below_threshold
0.463,1,7,full,1536,1,1,,,below_threshold
0.463,2,0,full,1536,1,1,,,below_threshold
0.463,2,1,full,1536,1,1,,,below_threshold
0.463,2,2,full,1536,1,1,,,below_threshold
0.463,2,3,full,1536,1,1,,,below_threshold
0.463,2,4,full,1536,1,1,,,below_threshold
0.463,2,5,full,1536,1,1,,,constrained_out
0.463,2,6,full,1536,1,1,,,below_threshold
0.463,2,7,compact,128,0.0833333,0.517556,-0.185784,0.517556,meets_threshold
0.463,3,0,compact,64,0.0416667,0.477479,-1.31255,0.477479,meets_threshold
0.463,3,1,full,1536,1,1,,,below_threshold
0.463,3,2,full,1536,1,1,,,below_threshold
0.463,3,3,full,1536,1,1,,,below_threshold
0.463,3,4,full,1536,1,1,,,below_threshold
0.463,3,5,full,1536,1,1,,,below_threshold
0.463,3,6,full,1536,1,1,,,constrained_out
0.463,3,7,full,1536,1,1,,,constrained_out
0.463,4,0,full,1536,1,1,,,below_threshold
0.463,4,1,full,1536,1,1,,,below_threshold
0.463,4,2,full,1536,1,1,,,below_threshold
0.463,4,3,full,1536,1,1,,,below_threshold
0.463,4,4,full,1536,1,1,,,below_threshold
0.463,4,5,full,1536,1,1,,,below_threshold
0.463,4,6,compact,256,0.166667,0.472774,0.333632,0.472774,meets_threshold
0.463,4,7,full,1536,1,1,,,below_threshold
0.463,5,0,full,1536,1,1,,,below_threshold
0.463,5,1,full,1536,1,1,,,below_threshold
0.463,5,2,compact,128,0.0833333,0.478574,-0.0711887,0.478574,meets_threshold
0.463,5,3,full,1536,1,1,,,below_threshold
0.463,5,4,full,1536,1,1,,,below_threshold
0.463,5,5,full,1536,1,1,,,below_threshold
0.463,5,6,full,1536,1,1,,,below_threshold
0.463,5,7,full,1536,1,1,,,below_threshold
0.463,6,0,full,1536,1,1,,,below_threshold
0.463,6,1,full,1536,1,1,,,below_threshold
0.463,6,2,full,1536,1,1,,,below_threshold
0.463,6,3,full,1536,1,1,,,below_threshold
0.463,6,4,full,1536,1,1,,,below_threshold
0.463,6,5,full,1536,1,1,,,below_threshold
0.463,6,6,full,1536,1,1,,,below_threshold
0.463,6,7,compact,64,0.0416667,0.586239,-0.703545,0.586239,meets_threshold
0.463,7,0,full,1536,1,1,,,below_threshold
0.463,7,1,full,1536,1,1,,,below_threshold
0.463,7,2,full,1536,1,1,,,below_threshold
0.463,7,3,full,1536,1,1,,,below_threshold
0.463,7,4,full,1536,1,1,,,below_threshold
0.463,7,5,full,1536,1,1,,,below_threshold
0.463,7,6,full,1536,1,1,,,below_threshold
0.463,7,7,full,1536,1,1,,,below_threshold
0.463,8,0,full,1536,1,1,,,below_threshold
0.463,8,1,compact,128,0.0833333,0.472067,-0.142711,0.472067,meets_threshold
0.463,8,2,full,1536,1,1,,,below_threshold
0.463,8,3,full,1536,1,1,,,below_threshold
0.463,8,4,full,1536,1,1,,,below_threshold
0.463,8,5,full,1536,1,1,,,below_threshold
0.463,8,6,full,1536,1,1,,,below_threshold
0.463,8,7,full,1536,1,1,,,below_threshold
0.463,9,0,full,1536,1,1,,,below_threshold
0.463,9,1,compact,128,0.0833333,0.485147,-0.304665,0.485147,meets_threshold
0.463,9,2,full,1536,1,1,,,below_threshold
0.463,9,3,full,1536,1,1,,,below_threshold
0.463,9,4,full,1536,1,1,,,below_threshold
0.463,9,5,full,1536,1,1,,,below_threshold
0.463,9,6,full,1536,1,1,,,below_threshold
0.463,9,7,full,1536,1,1,,,below_threshold
0.463,10,0,full,1536,1,1,,,below_threshold
0.463,10,1,full,1536,1,1,,,below_threshold
0.463,10,2,full,1536,1,1,,,below_threshold
0.463,10,3,compact,128,0.0833333,0.456578,-0.885916,0.456578,meets_threshold
0.463,10,4,full,1536,1,1,,,below_threshold
0.463,10,5,full,1536,1,1,,,below_threshold
0.463,10,6,full,1536,1,1,,,below_threshold
0.463,10,7,full,1536,1,1,,,below_threshold
0.463,11,0,full,1536,1,1,,,below_threshold
0.463,11,1,full,1536,1,1,,,below_threshold
0.463,11,2,compact,128,0.0833333,0.47891,0.0805184,0.47891,meets_threshold
0.463,11,3,full,1536,1,1,,,below_threshold
0.463,11,4,full,1536,1,1,,,below_threshold
0.463,11,5,full,1536,1,1,,,below_threshold
0.463,11,6,full,1536,1,1,,,below_threshold
0.463,11,7,full,1536,1,1,,,below_threshold
0.463,12,0,full,1536,1,1,,,below_threshold
0.463,12,1,full,1536,1,1,,,below_threshold
0.463,12,2,full,1536,1,1,,,below_threshold
0.463,12,3,full,1536,1,1,,,below_threshold
0.463,12,4,full,1536,1,1,,,below_threshold
0.463,12,5,full,1536,1,1,,,below_threshold
0.463,12,6,full,1536,1,1,,,below_threshold
0.463,12,7,full,1536,1,1,,,below_threshold
0.463,13,0,full,1536,1,1,,,below_threshold
0.463,13,1,full,1536,1,1,,,below_threshold
0.463,13,2,full,1536,1,1,,,below_threshold
0.463,13,3,full,1536,1,1,,,below_threshold
0.463,13,4,full,1536,1,1,,,below_threshold
0.463,13,5,full,1536,1,1,,,below_threshold
0.463,13,6,full,1536,1,1,,,below_threshold
0.463,13,7,full,1536,1,1,,,below_threshold
0.463,14,0,full,1536,1,1,,,below_threshold
0.463,14,1,full,1536,1,1,,,below_threshold
0.463,14,2,full,1536,1,1,,,below_threshold
0.463,14,3,full,1536,1,1,,,below_threshold
0.463,14,4,full,1536,1,1,,,below_threshold
0.463,14,5,compact,256,0.166667,0.453655,0.202406,0.453655,meets_threshold
0.463,14,6,full,1536,1,1,,,below_threshold
0.463,14,7,full,1536,1,1,,,below_threshold
0.463,15,0,full,1536,1,1,,,below_threshold
0.463,15,1,full,1536,1,1,,,below_threshold
0.463,15,2,full,1536,1,1,,,below_threshold
0.463,15,3,full,1536,1,1,,,below_threshold
0.463,15,4,full,1536,1,1,,,below_threshold
0.463,15,5,full,1536,1,1,,,below_threshold
0.463,15,6,full,1536,1,1,,,below_threshold
0.463,15,7,full,1536,1,1,,,below_threshold
0.463,16,0,full,1536,1,1,,,below_threshold
0.463,16,1,full,1536,1,1,,,below_threshold
0.463,16,2,full,1536,1,1,,,below_threshold
0.463,16,3,full,1536,1,1,,,below_threshold
0.463,16,4,full,1536,1,1,,,below_threshold
0.463,16,5,full,1536,1,1,,,below_threshold
0.463,16,6,full,1536,1,1,,,below_threshold
0.463,16,7,full,1536,1,1,,,below_threshold
0.463,17,0,full,1536,1,1,,,below_threshold
0.463,17,1,full,1536,1,1,,,below_threshold
0.463,17,2,full,1536,1,1,,,below_threshold
0.463,17,3,full,1536,1,1,,,below_threshold
0.463,17,4,full,1536,1,1,,,below_threshold
0.463,17,5,full,1536,1,1,,,below_threshold
0.463,17,6,full,1536,1,1,,,below_threshold
0.463,17,7,full,1536,1,1,,,below_threshold
0.463,18,0,compact,128,0.0833333,0.534773,0.100952,0.534773,meets_threshold
0.463,18,1,full,1536,1,1,,,below_threshold
0.463,18,2,full,1536,1,1,,,below_threshold
0.463,18,3,full,1536,1,1,,,below_threshold
0.463,18,4,full,1536,1,1,,,below_threshold
0.463,18,5,full,1536,1,1,,,below_threshold
0.463,18,6,full,1536,1,1,,,below_threshold
0.463,18,7,full,1536,1,1,,,below_threshold
0.463,19,0,full,1536,1,1,,,below_threshold
0.463,19,1,full,1536,1,1,,,below_threshold
0.463,19,2,full,1536,1,1,,,below_threshold
0.463,19,3,full,1536,1,1,,,below_threshold
0.463,19,4,full,1536,1,1,,,below_threshold
0.463,19,5,full,1536,1,1,,,below_threshold
0.463,19,6,full,1536,1,1,,,below_threshold
0.463,19,7,full,1536,1,1,,,below_threshold
0.463,20,0,full,1536,1,1,,,below_threshold
0.463,20,1,full,1536,1,1,,,below_threshold
0.463,20,2,compact,256,0.166667,0.452199,0.151074,0.452199,meets_threshold
0.463,20,3,full,1536,1,1,,,below_threshold
0.463,20,4,full,1536,1,1,,,below_threshold
0.463,20,5,full,1536,1,1,,,below_threshold
0.463,20,6,full,1536,1,1,,,below_threshold
0.463,20,7,full,1536,1,1,,,below_threshold
0.463,21,0,full,1536,1,1,,,below_threshold
0.463,21,1,full,1536,1,1,,,below_threshold
0.463,21,2,full,1536,1,1,,,below_threshold
0.463,21,3,full,1536,1,1,,,below_threshold
0.463,21,4,full,1536,1,1,,,below_threshold
0.463,21,5,full,1536,1,1,,,below_threshold
0.463,21,6,full,1536,1,1,,,below_threshold
0.463,21,7,full,1536,1,1,,,below_threshold
0.463,22,0,full,1536,1,1,,,constrained_out
0.463,22,1,full,1536,1,1,,,drop_l22_h1
0.463,22,2,full,1536,1,1,,,below_threshold
0.463,22,3,full,1536,1,1,,,below_threshold
0.463,22,4,full,1536,1,1,,,below_threshold
0.463,22,5,full,1536,1,1,,,below_threshold
0.463,22,6,full,1536,1,1,,,below_threshold
0.463,22,7,full,1536,1,1,,,below_threshold
0.463,23,0,full,1536,1,1,,,below_threshold
0.463,23,1,full,1536,1,1,,,below_threshold
0.463,23,2,full,1536,1,1,,,below_threshold
0.463,23,3,full,1536,1,1,,,below_threshold
0.463,23,4,full,1536,1,1,,,below_threshold
0.463,23,5,full,1536,1,1,,,below_threshold
0.463,23,6,full,1536,1,1,,,below_threshold
0.463,23,7,compact,256,0.166667,0.498822,0.292175,0.498822,meets_threshold
0.463,24,0,full,1536,1,1,,,below_threshold
0.463,24,1,full,1536,1,1,,,below_threshold
0.463,24,2,compact,256,0.166667,0.47761,0.105962,0.47761,meets_threshold
0.463,24,3,full,1536,1,1,,,below_threshold
0.463,24,4,full,1536,1,1,,,below_threshold
0.463,24,5,full,1536,1,1,,,constrained_out
0.463,24,6,full,1536,1,1,,,below_threshold
0.463,24,7,full,1536,1,1,,,below_threshold
0.463,25,0,full,1536,1,1,,,below_threshold
0.463,25,1,full,1536,1,1,,,below_threshold
0.463,25,2,full,1536,1,1,,,below_threshold
0.463,25,3,compact,128,0.0833333,0.481239,-0.0662971,0.481239,meets_threshold
0.463,25,4,full,1536,1,1,,,below_threshold
0.463,25,5,full,1536,1,1,,,constrained_out
0.463,25,6,full,1536,1,1,,,constrained_out
0.463,25,7,full,1536,1,1,,,below_threshold
0.463,26,0,full,1536,1,1,,,below_threshold
0.463,26,1,compact,128,0.0833333,0.495451,-0.859776,0.495451,meets_threshold
0.463,26,2,full,1536,1,1,,,below_threshold
0.463,26,3,full,1536,1,1,,,constrained_out
0.463,26,4,full,1536,1,1,,,below_threshold
0.463,26,5,full,1536,1,1,,,constrained_out
0.463,26,6,full,1536,1,1,,,below_threshold
0.463,26,7,full,1536,1,1,,,constrained_out
0.463,27,0,full,1536,1,1,,,below_threshold
0.463,27,1,full,1536,1,1,,,below_threshold
0.463,27,2,full,1536,1,1,,,below_threshold
0.463,27,3,full,1536,1,1,,,below_threshold
0.463,27,4,full,1536,1,1,,,below_threshold
0.463,27,5,full,1536,1,1,,,below_threshold
0.463,27,6,full,1536,1,1,,,below_threshold
0.463,27,7,full,1536,1,1,,,below_threshold
0.464,0,0,full,1536,1,1,,,below_threshold
0.464,0,1,full,1536,1,1,,,below_threshold
0.464,0,2,full,1536,1,1,,,below_threshold
0.464,0,3,full,1536,1,1,,,below_threshold
0.464,0,4,full,1536,1,1,,,below_threshold
0.464,0,5,full,1536,1,1,,,below_threshold
0.464,0,6,full,1536,1,1,,,below_threshold
0.464,0,7,full,1536,1,1,,,below_threshold
0.464,1,0,full,1536,1,1,,,below_threshold
0.464,1,1,full,1536,1,1,,,below_threshold
0.464,1,2,full,1536,1,1,,,below_threshold
0.464,1,3,full,1536,1,1,,,below_threshold
0.464,1,4,full,1536,1,1,,,below_threshold
0.464,1,5,full,1536,1,1,,,below_threshold
0.464,1,6,full,1536,1,1,,,below_threshold
0.464,1,7,full,1536,1,1,,,below_threshold
0.464,2,0,full,1536,1,1,,,below_threshold
0.464,2,1,full,1536,1,1,,,below_threshold
0.464,2,2,full,1536,1,1,,,below_threshold
0.464,2,3,full,1536,1,1,,,below_threshold
0.464,2,4,full,1536,1,1,,,below_threshold
0.464,2,5,full,1536,1,1,,,constrained_out
0.464,2,6,full,1536,1,1,,,below_threshold
0.464,2,7,compact,128,0.0833333,0.517556,-0.185784,0.517556,meets_threshold
0.464,3,0,compact,64,0.0416667,0.477479,-1.31255,0.477479,meets_threshold
0.464,3,1,full,1536,1,1,,,below_threshold
0.464,3,2,full,1536,1,1,,,below_threshold
0.464,3,3,full,1536,1,1,,,below_threshold
0.464,3,4,full,1536,1,1,,,below_threshold
0.464,3,5,full,1536,1,1,,,below_threshold
0.464,3,6,full,1536,1,1,,,constrained_out
0.464,3,7,full,1536,1,1,,,constrained_out
0.464,4,0,full,1536,1,1,,,below_threshold
0.464,4,1,full,1536,1,1,,,below_threshold
0.464,4,2,full,1536,1,1,,,below_threshold
0.464,4,3,full,1536,1,1,,,below_threshold
0.464,4,4,full,1536,1,1,,,below_threshold
0.464,4,5,full,1536,1,1,,,below_threshold
0.464,4,6,compact,256,0.166667,0.472774,0.333632,0.472774,meets_threshold
0.464,4,7,full,1536,1,1,,,below_threshold
0.464,5,0,full,1536,1,1,,,below_threshold
0.464,5,1,full,1536,1,1,,,below_threshold
0.464,5,2,compact,128,0.0833333,0.478574,-0.0711887,0.478574,meets_threshold
0.464,5,3,full,1536,1,1,,,below_threshold
0.464,5,4,full,1536,1,1,,,below_threshold
0.464,5,5,full,1536,1,1,,,below_threshold
0.464,5,6,full,1536,1,1,,,below_threshold
0.464,5,7,full,1536,1,1,,,below_threshold
0.464,6,0,full,1536,1,1,,,below_threshold
0.464,6,1,full,1536,1,1,,,below_threshold
0.464,6,2,full,1536,1,1,,,below_threshold
0.464,6,3,full,1536,1,1,,,below_threshold
0.464,6,4,full,1536,1,1,,,below_threshold
0.464,6,5,full,1536,1,1,,,below_threshold
0.464,6,6,full,1536,1,1,,,below_threshold
0.464,6,7,compact,64,0.0416667,0.586239,-0.703545,0.586239,meets_threshold
0.464,7,0,full,1536,1,1,,,below_threshold
0.464,7,1,full,1536,1,1,,,below_threshold
0.464,7,2,full,1536,1,1,,,below_threshold
0.464,7,3,full,1536,1,1,,,below_threshold
0.464,7,4,full,1536,1,1,,,below_threshold
0.464,7,5,full,1536,1,1,,,below_threshold
0.464,7,6,full,1536,1,1,,,below_threshold
0.464,7,7,full,1536,1,1,,,below_threshold
0.464,8,0,full,1536,1,1,,,below_threshold
0.464,8,1,compact,128,0.0833333,0.472067,-0.142711,0.472067,meets_threshold
0.464,8,2,full,1536,1,1,,,below_threshold
0.464,8,3,full,1536,1,1,,,below_threshold
0.464,8,4,full,1536,1,1,,,below_threshold
0.464,8,5,full,1536,1,1,,,below_threshold
0.464,8,6,full,1536,1,1,,,below_threshold
0.464,8,7,full,1536,1,1,,,below_threshold
0.464,9,0,full,1536,1,1,,,below_threshold
0.464,9,1,compact,128,0.0833333,0.485147,-0.304665,0.485147,meets_threshold
0.464,9,2,full,1536,1,1,,,below_threshold
0.464,9,3,full,1536,1,1,,,below_threshold
0.464,9,4,full,1536,1,1,,,below_threshold
0.464,9,5,full,1536,1,1,,,below_threshold
0.464,9,6,full,1536,1,1,,,below_threshold
0.464,9,7,full,1536,1,1,,,below_threshold
0.464,10,0,full,1536,1,1,,,below_threshold
0.464,10,1,full,1536,1,1,,,below_threshold
0.464,10,2,full,1536,1,1,,,below_threshold
0.464,10,3,compact,128,0.0833333,0.456578,-0.885916,0.456578,meets_threshold
0.464,10,4,full,1536,1,1,,,below_threshold
0.464,10,5,full,1536,1,1,,,below_threshold
0.464,10,6,full,1536,1,1,,,below_threshold
0.464,10,7,full,1536,1,1,,,below_threshold
0.464,11,0,full,1536,1,1,,,below_threshold
0.464,11,1,full,1536,1,1,,,below_threshold
0.464,11,2,compact,128,0.0833333,0.47891,0.0805184,0.47891,meets_threshold
0.464,11,3,full,1536,1,1,,,below_threshold
0.464,11,4,full,1536,1,1,,,below_threshold
0.464,11,5,full,1536,1,1,,,below_threshold
0.464,11,6,full,1536,1,1,,,below_threshold
0.464,11,7,full,1536,1,1,,,below_threshold
0.464,12,0,full,1536,1,1,,,below_threshold
0.464,12,1,full,1536,1,1,,,below_threshold
0.464,12,2,full,1536,1,1,,,below_threshold
0.464,12,3,full,1536,1,1,,,below_threshold
0.464,12,4,full,1536,1,1,,,below_threshold
0.464,12,5,full,1536,1,1,,,below_threshold
0.464,12,6,full,1536,1,1,,,below_threshold
0.464,12,7,full,1536,1,1,,,below_threshold
0.464,13,0,full,1536,1,1,,,below_threshold
0.464,13,1,full,1536,1,1,,,below_threshold
0.464,13,2,full,1536,1,1,,,below_threshold
0.464,13,3,full,1536,1,1,,,below_threshold
0.464,13,4,full,1536,1,1,,,below_threshold
0.464,13,5,full,1536,1,1,,,below_threshold
0.464,13,6,full,1536,1,1,,,below_threshold
0.464,13,7,full,1536,1,1,,,below_threshold
0.464,14,0,full,1536,1,1,,,below_threshold
0.464,14,1,full,1536,1,1,,,below_threshold
0.464,14,2,full,1536,1,1,,,below_threshold
0.464,14,3,full,1536,1,1,,,below_threshold
0.464,14,4,full,1536,1,1,,,below_threshold
0.464,14,5,compact,256,0.166667,0.453655,0.202406,0.453655,meets_threshold
0.464,14,6,full,1536,1,1,,,below_threshold
0.464,14,7,full,1536,1,1,,,below_threshold
0.464,15,0,full,1536,1,1,,,below_threshold
0.464,15,1,full,1536,1,1,,,below_threshold
0.464,15,2,full,1536,1,1,,,below_threshold
0.464,15,3,full,1536,1,1,,,below_threshold
0.464,15,4,full,1536,1,1,,,below_threshold
0.464,15,5,full,1536,1,1,,,below_threshold
0.464,15,6,full,1536,1,1,,,below_threshold
0.464,15,7,full,1536,1,1,,,below_threshold
0.464,16,0,full,1536,1,1,,,below_threshold
0.464,16,1,full,1536,1,1,,,below_threshold
0.464,16,2,full,1536,1,1,,,below_threshold
0.464,16,3,full,1536,1,1,,,below_threshold
0.464,16,4,full,1536,1,1,,,below_threshold
0.464,16,5,full,1536,1,1,,,below_threshold
0.464,16,6,full,1536,1,1,,,below_threshold
0.464,16,7,full,1536,1,1,,,below_threshold
0.464,17,0,full,1536,1,1,,,below_threshold
0.464,17,1,full,1536,1,1,,,below_threshold
0.464,17,2,full,1536,1,1,,,below_threshold
0.464,17,3,full,1536,1,1,,,below_threshold
0.464,17,4,full,1536,1,1,,,below_threshold
0.464,17,5,full,1536,1,1,,,below_threshold
0.464,17,6,full,1536,1,1,,,below_threshold
0.464,17,7,full,1536,1,1,,,below_threshold
0.464,18,0,compact,128,0.0833333,0.534773,0.100952,0.534773,meets_threshold
0.464,18,1,full,1536,1,1,,,below_threshold
0.464,18,2,full,1536,1,1,,,below_threshold
0.464,18,3,full,1536,1,1,,,below_threshold
0.464,18,4,full,1536,1,1,,,below_threshold
0.464,18,5,full,1536,1,1,,,below_threshold
0.464,18,6,full,1536,1,1,,,below_threshold
0.464,18,7,full,1536,1,1,,,below_threshold
0.464,19,0,full,1536,1,1,,,below_threshold
0.464,19,1,full,1536,1,1,,,below_threshold
0.464,19,2,full,1536,1,1,,,below_threshold
0.464,19,3,full,1536,1,1,,,below_threshold
0.464,19,4,full,1536,1,1,,,below_threshold
0.464,19,5,full,1536,1,1,,,below_threshold
0.464,19,6,full,1536,1,1,,,below_threshold
0.464,19,7,full,1536,1,1,,,below_threshold
0.464,20,0,full,1536,1,1,,,below_threshold
0.464,20,1,full,1536,1,1,,,below_threshold
0.464,20,2,compact,256,0.166667,0.452199,0.151074,0.452199,meets_threshold
0.464,20,3,full,1536,1,1,,,below_threshold
0.464,20,4,full,1536,1,1,,,below_threshold
0.464,20,5,full,1536,1,1,,,below_threshold
0.464,20,6,full,1536,1,1,,,below_threshold
0.464,20,7,full,1536,1,1,,,below_threshold
0.464,21,0,full,1536,1,1,,,below_threshold
0.464,21,1,full,1536,1,1,,,below_threshold
0.464,21,2,full,1536,1,1,,,below_threshold
0.464,21,3,full,1536,1,1,,,below_threshold
0.464,21,4,full,1536,1,1,,,below_threshold
0.464,21,5,full,1536,1,1,,,below_threshold
0.464,21,6,full,1536,1,1,,,below_threshold
0.464,21,7,full,1536,1,1,,,below_threshold
0.464,22,0,full,1536,1,1,,,constrained_out
0.464,22,1,compact,64,0.0416667,0.454562,-0.62248,0.454562,meets_threshold
0.464,22,2,full,1536,1,1,,,below_threshold
0.464,22,3,full,1536,1,1,,,below_threshold
0.464,22,4,full,1536,1,1,,,below_threshold
0.464,22,5,full,1536,1,1,,,below_threshold
0.464,22,6,full,1536,1,1,,,below_threshold
0.464,22,7,full,1536,1,1,,,below_threshold
0.464,23,0,full,1536,1,1,,,below_threshold
0.464,23,1,full,1536,1,1,,,below_threshold
0.464,23,2,full,1536,1,1,,,below_threshold
0.464,23,3,full,1536,1,1,,,below_threshold
0.464,23,4,full,1536,1,1,,,below_threshold
0.464,23,5,full,1536,1,1,,,below_threshold
0.464,23,6,full,1536,1,1,,,below_threshold
0.464,23,7,full,1536,1,1,,,drop_l23_h7
0.464,24,0,full,1536,1,1,,,below_threshold
0.464,24,1,full,1536,1,1,,,below_threshold
0.464,24,2,compact,256,0.166667,0.47761,0.105962,0.47761,meets_threshold
0.464,24,3,full,1536,1,1,,,below_threshold
0.464,24,4,full,1536,1,1,,,below_threshold
0.464,24,5,full,1536,1,1,,,constrained_out
0.464,24,6,full,1536,1,1,,,below_threshold
0.464,24,7,full,1536,1,1,,,below_threshold
0.464,25,0,full,1536,1,1,,,below_threshold
0.464,25,1,full,1536,1,1,,,below_threshold
0.464,25,2,full,1536,1,1,,,below_threshold
0.464,25,3,compact,128,0.0833333,0.481239,-0.0662971,0.481239,meets_threshold
0.464,25,4,full,1536,1,1,,,below_threshold
0.464,25,5,full,1536,1,1,,,constrained_out
0.464,25,6,full,1536,1,1,,,constrained_out
0.464,25,7,full,1536,1,1,,,below_threshold
0.464,26,0,full,1536,1,1,,,below_threshold
0.464,26,1,compact,128,0.0833333,0.495451,-0.859776,0.495451,meets_threshold
0.464,26,2,full,1536,1,1,,,below_threshold
0.464,26,3,full,1536,1,1,,,constrained_out
0.464,26,4,full,1536,1,1,,,below_threshold
0.464,26,5,full,1536,1,1,,,constrained_out
0.464,26,6,full,1536,1,1,,,below_threshold
0.464,26,7,full,1536,1,1,,,constrained_out
0.464,27,0,full,1536,1,1,,,below_threshold
0.464,27,1,full,1536,1,1,,,below_threshold
0.464,27,2,full,1536,1,1,,,below_threshold
0.464,27,3,full,1536,1,1,,,below_threshold
0.464,27,4,full,1536,1,1,,,below_threshold
0.464,27,5,full,1536,1,1,,,below_threshold
0.464,27,6,full,1536,1,1,,,below_threshold
0.464,27,7,full,1536,1,1,,,below_threshold
0.465,0,0,full,1536,1,1,,,below_threshold
0.465,0,1,full,1536,1,1,,,below_threshold
0.465,0,2,full,1536,1,1,,,below_threshold
0.465,0,3,full,1536,1,1,,,below_threshold
0.465,0,4,full,1536,1,1,,,below_threshold
0.465,0,5,full,1536,1,1,,,below_threshold
0.465,0,6,full,1536,1,1,,,below_threshold
0.465,0,7,full,1536,1,1,,,below_threshold
0.465,1,0,full,1536,1,1,,,below_threshold
0.465,1,1,full,1536,1,1,,,below_threshold
0.465,1,2,full,1536,1,1,,,below_threshold
0.465,1,3,full,1536,1,1,,,below_threshold
0.465,1,4,full,1536,1,1,,,below_threshold
0.465,1,5,full,1536,1,1,,,below_threshold
0.465,1,6,full,1536,1,1,,,below_threshold
0.465,1,7,full,1536,1,1,,,below_threshold
0.465,2,0,full,1536,1,1,,,below_threshold
0.465,2,1,full,1536,1,1,,,below_threshold
0.465,2,2,full,1536,1,1,,,below_threshold
0.465,2,3,full,1536,1,1,,,below_threshold
0.465,2,4,full,1536,1,1,,,below_threshold
0.465,2,5,full,1536,1,1,,,constrained_out
0.465,2,6,full,1536,1,1,,,below_threshold
0.465,2,7,compact,128,0.0833333,0.517556,-0.185784,0.517556,meets_threshold
0.465,3,0,compact,64,0.0416667,0.477479,-1.31255,0.477479,meets_threshold
0.465,3,1,full,1536,1,1,,,below_threshold
0.465,3,2,full,1536,1,1,,,below_threshold
0.465,3,3,full,1536,1,1,,,below_threshold
0.465,3,4,full,1536,1,1,,,below_threshold
0.465,3,5,full,1536,1,1,,,below_threshold
0.465,3,6,full,1536,1,1,,,constrained_out
0.465,3,7,full,1536,1,1,,,constrained_out
0.465,4,0,full,1536,1,1,,,below_threshold
0.465,4,1,full,1536,1,1,,,below_threshold
0.465,4,2,full,1536,1,1,,,below_threshold
0.465,4,3,full,1536,1,1,,,below_threshold
0.465,4,4,full,1536,1,1,,,below_threshold
0.465,4,5,full,1536,1,1,,,below_threshold
0.465,4,6,compact,256,0.166667,0.472774,0.333632,0.472774,meets_threshold
0.465,4,7,full,1536,1,1,,,below_threshold
0.465,5,0,full,1536,1,1,,,below_threshold
0.465,5,1,full,1536,1,1,,,below_threshold
0.465,5,2,compact,128,0.0833333,0.478574,-0.0711887,0.478574,meets_threshold
0.465,5,3,full,1536,1,1,,,below_threshold
0.465,5,4,full,1536,1,1,,,below_threshold
0.465,5,5,full,1536,1,1,,,below_threshold
0.465,5,6,full,1536,1,1,,,below_threshold
0.465,5,7,full,1536,1,1,,,below_threshold
0.465,6,0,full,1536,1,1,,,below_threshold
0.465,6,1,full,1536,1,1,,,below_threshold
0.465,6,2,full,1536,1,1,,,below_threshold
0.465,6,3,full,1536,1,1,,,below_threshold
0.465,6,4,full,1536,1,1,,,below_threshold
0.465,6,5,full,1536,1,1,,,below_threshold
0.465,6,6,full,1536,1,1,,,below_threshold
0.465,6,7,compact,64,0.0416667,0.586239,-0.703545,0.586239,meets_threshold
0.465,7,0,full,1536,1,1,,,below_threshold
0.465,7,1,full,1536,1,1,,,below_threshold
0.465,7,2,full,1536,1,1,,,below_threshold
0.465,7,3,full,1536,1,1,,,below_threshold
0.465,7,4,full,1536,1,1,,,below_threshold
0.465,7,5,full,1536,1,1,,,below_threshold
0.465,7,6,full,1536,1,1,,,below_threshold
0.465,7,7,full,1536,1,1,,,below_threshold
0.465,8,0,full,1536,1,1,,,below_threshold
0.465,8,1,compact,128,0.0833333,0.472067,-0.142711,0.472067,meets_threshold
0.465,8,2,full,1536,1,1,,,below_threshold
0.465,8,3,full,1536,1,1,,,below_threshold
0.465,8,4,full,1536,1,1,,,below_threshold
0.465,8,5,full,1536,1,1,,,below_threshold
0.465,8,6,full,1536,1,1,,,below_threshold
0.465,8,7,full,1536,1,1,,,below_threshold
0.465,9,0,full,1536,1,1,,,below_threshold
0.465,9,1,compact,128,0.0833333,0.485147,-0.304665,0.485147,meets_threshold
0.465,9,2,full,1536,1,1,,,below_threshold
0.465,9,3,full,1536,1,1,,,below_threshold
0.465,9,4,full,1536,1,1,,,below_threshold
0.465,9,5,full,1536,1,1,,,below_threshold
0.465,9,6,full,1536,1,1,,,below_threshold
0.465,9,7,full,1536,1,1,,,below_threshold
0.465,10,0,full,1536,1,1,,,below_threshold
0.465,10,1,full,1536,1,1,,,below_threshold
0.465,10,2,full,1536,1,1,,,below_threshold
0.465,10,3,compact,128,0.0833333,0.456578,-0.885916,0.456578,meets_threshold
0.465,10,4,full,1536,1,1,,,below_threshold
0.465,10,5,full,1536,1,1,,,below_threshold
0.465,10,6,full,1536,1,1,,,below_threshold
0.465,10,7,full,1536,1,1,,,below_threshold
0.465,11,0,full,1536,1,1,,,below_threshold
0.465,11,1,full,1536,1,1,,,below_threshold
0.465,11,2,compact,128,0.0833333,0.47891,0.0805184,0.47891,meets_threshold
0.465,11,3,full,1536,1,1,,,below_threshold
0.465,11,4,full,1536,1,1,,,below_threshold
0.465,11,5,full,1536,1,1,,,below_threshold
0.465,11,6,full,1536,1,1,,,below_threshold
0.465,11,7,full,1536,1,1,,,below_threshold
0.465,12,0,full,1536,1,1,,,below_threshold
0.465,12,1,full,1536,1,1,,,below_threshold
0.465,12,2,full,1536,1,1,,,below_threshold
0.465,12,3,full,1536,1,1,,,below_threshold
0.465,12,4,full,1536,1,1,,,below_threshold
0.465,12,5,full,1536,1,1,,,below_threshold
0.465,12,6,full,1536,1,1,,,below_threshold
0.465,12,7,full,1536,1,1,,,below_threshold
0.465,13,0,full,1536,1,1,,,below_threshold
0.465,13,1,full,1536,1,1,,,below_threshold
0.465,13,2,full,1536,1,1,,,below_threshold
0.465,13,3,full,1536,1,1,,,below_threshold
0.465,13,4,full,1536,1,1,,,below_threshold
0.465,13,5,full,1536,1,1,,,below_threshold
0.465,13,6,full,1536,1,1,,,below_threshold
0.465,13,7,full,1536,1,1,,,below_threshold
0.465,14,0,full,1536,1,1,,,below_threshold
0.465,14,1,full,1536,1,1,,,below_threshold
0.465,14,2,full,1536,1,1,,,below_threshold
0.465,14,3,full,1536,1,1,,,below_threshold
0.465,14,4,full,1536,1,1,,,below_threshold
0.465,14,5,compact,256,0.166667,0.453655,0.202406,0.453655,meets_threshold
0.465,14,6,full,1536,1,1,,,below_threshold
0.465,14,7,full,1536,1,1,,,below_threshold
0.465,15,0,full,1536,1,1,,,below_threshold
0.465,15,1,full,1536,1,1,,,below_threshold
0.465,15,2,full,1536,1,1,,,below_threshold
0.465,15,3,full,1536,1,1,,,below_threshold
0.465,15,4,full,1536,1,1,,,below_threshold
0.465,15,5,full,1536,1,1,,,below_threshold
0.465,15,6,full,1536,1,1,,,below_threshold
0.465,15,7,full,1536,1,1,,,below_threshold
0.465,16,0,full,1536,1,1,,,below_threshold
0.465,16,1,full,1536,1,1,,,below_threshold
0.465,16,2,full,1536,1,1,,,below_threshold
0.465,16,3,full,1536,1,1,,,below_threshold
0.465,16,4,full,1536,1,1,,,below_threshold
0.465,16,5,full,1536,1,1,,,below_threshold
0.465,16,6,full,1536,1,1,,,below_threshold
0.465,16,7,full,1536,1,1,,,below_threshold
0.465,17,0,full,1536,1,1,,,below_threshold
0.465,17,1,full,1536,1,1,,,below_threshold
0.465,17,2,full,1536,1,1,,,below_threshold
0.465,17,3,full,1536,1,1,,,below_threshold
0.465,17,4,full,1536,1,1,,,below_threshold
0.465,17,5,full,1536,1,1,,,below_threshold
0.465,17,6,full,1536,1,1,,,below_threshold
0.465,17,7,full,1536,1,1,,,below_threshold
0.465,18,0,compact,128,0.0833333,0.534773,0.100952,0.534773,meets_threshold
0.465,18,1,full,1536,1,1,,,below_threshold
0.465,18,2,full,1536,1,1,,,below_threshold
0.465,18,3,full,1536,1,1,,,below_threshold
0.465,18,4,full,1536,1,1,,,below_threshold
0.465,18,5,full,1536,1,1,,,below_threshold
0.465,18,6,full,1536,1,1,,,below_threshold
0.465,18,7,full,1536,1,1,,,below_threshold
0.465,19,0,full,1536,1,1,,,below_threshold
0.465,19,1,full,1536,1,1,,,below_threshold
0.465,19,2,full,1536,1,1,,,below_threshold
0.465,19,3,full,1536,1,1,,,below_threshold
0.465,19,4,full,1536,1,1,,,below_threshold
0.465,19,5,full,1536,1,1,,,below_threshold
0.465,19,6,full,1536,1,1,,,below_threshold
0.465,19,7,full,1536,1,1,,,below_threshold
0.465,20,0,full,1536,1,1,,,below_threshold
0.465,20,1,full,1536,1,1,,,below_threshold
0.465,20,2,compact,256,0.166667,0.452199,0.151074,0.452199,meets_threshold
0.465,20,3,full,1536,1,1,,,below_threshold
0.465,20,4,full,1536,1,1,,,below_threshold
0.465,20,5,full,1536,1,1,,,below_threshold
0.465,20,6,full,1536,1,1,,,below_threshold
0.465,20,7,full,1536,1,1,,,below_threshold
0.465,21,0,full,1536,1,1,,,below_threshold
0.465,21,1,full,1536,1,1,,,below_threshold
0.465,21,2,full,1536,1,1,,,below_threshold
0.465,21,3,full,1536,1,1,,,below_threshold
0.465,21,4,full,1536,1,1,,,below_threshold
0.465,21,5,full,1536,1,1,,,below_threshold
0.465,21,6,full,1536,1,1,,,below_threshold
0.465,21,7,full,1536,1,1,,,below_threshold
0.465,22,0,full,1536,1,1,,,constrained_out
0.465,22,1,compact,64,0.0416667,0.454562,-0.62248,0.454562,meets_threshold
0.465,22,2,full,1536,1,1,,,below_threshold
0.465,22,3,full,1536,1,1,,,below_threshold
0.465,22,4,full,1536,1,1,,,below_threshold
0.465,22,5,full,1536,1,1,,,below_threshold
0.465,22,6,full,1536,1,1,,,below_threshold
0.465,22,7,full,1536,1,1,,,below_threshold
0.465,23,0,full,1536,1,1,,,below_threshold
0.465,23,1,full,1536,1,1,,,below_threshold
0.465,23,2,full,1536,1,1,,,below_threshold
0.465,23,3,full,1536,1,1,,,below_threshold
0.465,23,4,full,1536,1,1,,,below_threshold
0.465,23,5,full,1536,1,1,,,below_threshold
0.465,23,6,full,1536,1,1,,,below_threshold
0.465,23,7,compact,256,0.166667,0.498822,0.292175,0.498822,meets_threshold
0.465,24,0,full,1536,1,1,,,below_threshold
0.465,24,1,full,1536,1,1,,,below_threshold
0.465,24,2,full,1536,1,1,,,drop_l24_h2
0.465,24,3,full,1536,1,1,,,below_threshold
0.465,24,4,full,1536,1,1,,,below_threshold
0.465,24,5,full,1536,1,1,,,constrained_out
0.465,24,6,full,1536,1,1,,,below_threshold
0.465,24,7,full,1536,1,1,,,below_threshold
0.465,25,0,full,1536,1,1,,,below_threshold
0.465,25,1,full,1536,1,1,,,below_threshold
0.465,25,2,full,1536,1,1,,,below_threshold
0.465,25,3,compact,128,0.0833333,0.481239,-0.0662971,0.481239,meets_threshold
0.465,25,4,full,1536,1,1,,,below_threshold
0.465,25,5,full,1536,1,1,,,constrained_out
0.465,25,6,full,1536,1,1,,,constrained_out
0.465,25,7,full,1536,1,1,,,below_threshold
0.465,26,0,full,1536,1,1,,,below_threshold
0.465,26,1,compact,128,0.0833333,0.495451,-0.859776,0.495451,meets_threshold
0.465,26,2,full,1536,1,1,,,below_threshold
0.465,26,3,full,1536,1,1,,,constrained_out
0.465,26,4,full,1536,1,1,,,below_threshold
0.465,26,5,full,1536,1,1,,,constrained_out
0.465,26,6,full,1536,1,1,,,below_threshold
0.465,26,7,full,1536,1,1,,,constrained_out
0.465,27,0,full,1536,1,1,,,below_threshold
0.465,27,1,full,1536,1,1,,,below_threshold
0.465,27,2,full,1536,1,1,,,below_threshold
0.465,27,3,full,1536,1,1,,,below_threshold
0.465,27,4,full,1536,1,1,,,below_threshold
0.465,27,5,full,1536,1,1,,,below_threshold
0.465,27,6,full,1536,1,1,,,below_threshold
0.465,27,7,full,1536,1,1,,,below_threshold
0.466,0,0,full,1536,1,1,,,below_threshold
0.466,0,1,full,1536,1,1,,,below_threshold
0.466,0,2,full,1536,1,1,,,below_threshold
0.466,0,3,full,1536,1,1,,,below_threshold
0.466,0,4,full,1536,1,1,,,below_threshold
0.466,0,5,full,1536,1,1,,,below_threshold
0.466,0,6,full,1536,1,1,,,below_threshold
0.466,0,7,full,1536,1,1,,,below_threshold
0.466,1,0,full,1536,1,1,,,below_threshold
0.466,1,1,full,1536,1,1,,,below_threshold
0.466,1,2,full,1536,1,1,,,below_threshold
0.466,1,3,full,1536,1,1,,,below_threshold
0.466,1,4,full,1536,1,1,,,below_threshold
0.466,1,5,full,1536,1,1,,,below_threshold
0.466,1,6,full,1536,1,1,,,below_threshold
0.466,1,7,full,1536,1,1,,,below_threshold
0.466,2,0,full,1536,1,1,,,below_threshold
0.466,2,1,full,1536,1,1,,,below_threshold
0.466,2,2,full,1536,1,1,,,below_threshold
0.466,2,3,full,1536,1,1,,,below_threshold
0.466,2,4,full,1536,1,1,,,below_threshold
0.466,2,5,full,1536,1,1,,,constrained_out
0.466,2,6,full,1536,1,1,,,below_threshold
0.466,2,7,compact,128,0.0833333,0.517556,-0.185784,0.517556,meets_threshold
0.466,3,0,compact,64,0.0416667,0.477479,-1.31255,0.477479,meets_threshold
0.466,3,1,full,1536,1,1,,,below_threshold
0.466,3,2,full,1536,1,1,,,below_threshold
0.466,3,3,full,1536,1,1,,,below_threshold
0.466,3,4,full,1536,1,1,,,below_threshold
0.466,3,5,full,1536,1,1,,,below_threshold
0.466,3,6,full,1536,1,1,,,constrained_out
0.466,3,7,full,1536,1,1,,,constrained_out
0.466,4,0,full,1536,1,1,,,below_threshold
0.466,4,1,full,1536,1,1,,,below_threshold
0.466,4,2,full,1536,1,1,,,below_threshold
0.466,4,3,full,1536,1,1,,,below_threshold
0.466,4,4,full,1536,1,1,,,below_threshold
0.466,4,5,full,1536,1,1,,,below_threshold
0.466,4,6,compact,256,0.166667,0.472774,0.333632,0.472774,meets_threshold
0.466,4,7,full,1536,1,1,,,below_threshold
0.466,5,0,full,1536,1,1,,,below_threshold
0.466,5,1,full,1536,1,1,,,below_threshold
0.466,5,2,compact,128,0.0833333,0.478574,-0.0711887,0.478574,meets_threshold
0.466,5,3,full,1536,1,1,,,below_threshold
0.466,5,4,full,1536,1,1,,,below_threshold
0.466,5,5,full,1536,1,1,,,below_threshold
0.466,5,6,full,1536,1,1,,,below_threshold
0.466,5,7,full,1536,1,1,,,below_threshold
0.466,6,0,full,1536,1,1,,,below_threshold
0.466,6,1,full,1536,1,1,,,below_threshold
0.466,6,2,full,1536,1,1,,,below_threshold
0.466,6,3,full,1536,1,1,,,below_threshold
0.466,6,4,full,1536,1,1,,,below_threshold
0.466,6,5,full,1536,1,1,,,below_threshold
0.466,6,6,full,1536,1,1,,,below_threshold
0.466,6,7,compact,64,0.0416667,0.586239,-0.703545,0.586239,meets_threshold
0.466,7,0,full,1536,1,1,,,below_threshold
0.466,7,1,full,1536,1,1,,,below_threshold
0.466,7,2,full,1536,1,1,,,below_threshold
0.466,7,3,full,1536,1,1,,,below_threshold
0.466,7,4,full,1536,1,1,,,below_threshold
0.466,7,5,full,1536,1,1,,,below_threshold
0.466,7,6,full,1536,1,1,,,below_threshold
0.466,7,7,full,1536,1,1,,,below_threshold
0.466,8,0,full,1536,1,1,,,below_threshold
0.466,8,1,compact,128,0.0833333,0.472067,-0.142711,0.472067,meets_threshold
0.466,8,2,full,1536,1,1,,,below_threshold
0.466,8,3,full,1536,1,1,,,below_threshold
0.466,8,4,full,1536,1,1,,,below_threshold
0.466,8,5,full,1536,1,1,,,below_threshold
0.466,8,6,full,1536,1,1,,,below_threshold
0.466,8,7,full,1536,1,1,,,below_threshold
0.466,9,0,full,1536,1,1,,,below_threshold
0.466,9,1,compact,128,0.0833333,0.485147,-0.304665,0.485147,meets_threshold
0.466,9,2,full,1536,1,1,,,below_threshold
0.466,9,3,full,1536,1,1,,,below_threshold
0.466,9,4,full,1536,1,1,,,below_threshold
0.466,9,5,full,1536,1,1,,,below_threshold
0.466,9,6,full,1536,1,1,,,below_threshold
0.466,9,7,full,1536,1,1,,,below_threshold
0.466,10,0,full,1536,1,1,,,below_threshold
0.466,10,1,full,1536,1,1,,,below_threshold
0.466,10,2,full,1536,1,1,,,below_threshold
0.466,10,3,compact,128,0.0833333,0.456578,-0.885916,0.456578,meets_threshold
0.466,10,4,full,1536,1,1,,,below_threshold
0.466,10,5,full,1536,1,1,,,below_threshold
0.466,10,6,full,1536,1,1,,,below_threshold
0.466,10,7,full,1536,1,1,,,below_threshold
0.466,11,0,full,1536,1,1,,,below_threshold
0.466,11,1,full,1536,1,1,,,below_threshold
0.466,11,2,compact,128,0.0833333,0.47891,0.0805184,0.47891,meets_threshold
0.466,11,3,full,1536,1,1,,,below_threshold
0.466,11,4,full,1536,1,1,,,below_threshold
0.466,11,5,full,1536,1,1,,,below_threshold
0.466,11,6,full,1536,1,1,,,below_threshold
0.466,11,7,full,1536,1,1,,,below_threshold
0.466,12,0,full,1536,1,1,,,below_threshold
0.466,12,1,full,1536,1,1,,,below_threshold
0.466,12,2,full,1536,1,1,,,below_threshold
0.466,12,3,full,1536,1,1,,,below_threshold
0.466,12,4,full,1536,1,1,,,below_threshold
0.466,12,5,full,1536,1,1,,,below_threshold
0.466,12,6,full,1536,1,1,,,below_threshold
0.466,12,7,full,1536,1,1,,,below_threshold
0.466,13,0,full,1536,1,1,,,below_threshold
0.466,13,1,full,1536,1,1,,,below_threshold
0.466,13,2,full,1536,1,1,,,below_threshold
0.466,13,3,full,1536,1,1,,,below_threshold
0.466,13,4,full,1536,1,1,,,below_threshold
0.466,13,5,full,1536,1,1,,,below_threshold
0.466,13,6,full,1536,1,1,,,below_threshold
0.466,13,7,full,1536,1,1,,,below_threshold
0.466,14,0,full,1536,1,1,,,below_threshold
0.466,14,1,full,1536,1,1,,,below_threshold
0.466,14,2,full,1536,1,1,,,below_threshold
0.466,14,3,full,1536,1,1,,,below_threshold
0.466,14,4,full,1536,1,1,,,below_threshold
0.466,14,5,compact,256,0.166667,0.453655,0.202406,0.453655,meets_threshold
0.466,14,6,full,1536,1,1,,,below_threshold
0.466,14,7,full,1536,1,1,,,below_threshold
0.466,15,0,full,1536,1,1,,,below_threshold
0.466,15,1,full,1536,1,1,,,below_threshold
0.466,15,2,full,1536,1,1,,,below_threshold
0.466,15,3,full,1536,1,1,,,below_threshold
0.466,15,4,full,1536,1,1,,,below_threshold
0.466,15,5,full,1536,1,1,,,below_threshold
0.466,15,6,full,1536,1,1,,,below_threshold
0.466,15,7,full,1536,1,1,,,below_threshold
0.466,16,0,full,1536,1,1,,,below_threshold
0.466,16,1,full,1536,1,1,,,below_threshold
0.466,16,2,full,1536,1,1,,,below_threshold
0.466,16,3,full,1536,1,1,,,below_threshold
0.466,16,4,full,1536,1,1,,,below_threshold
0.466,16,5,full,1536,1,1,,,below_threshold
0.466,16,6,full,1536,1,1,,,below_threshold
0.466,16,7,full,1536,1,1,,,below_threshold
0.466,17,0,full,1536,1,1,,,below_threshold
0.466,17,1,full,1536,1,1,,,below_threshold
0.466,17,2,full,1536,1,1,,,below_threshold
0.466,17,3,full,1536,1,1,,,below_threshold
0.466,17,4,full,1536,1,1,,,below_threshold
0.466,17,5,full,1536,1,1,,,below_threshold
0.466,17,6,full,1536,1,1,,,below_threshold
0.466,17,7,full,1536,1,1,,,below_threshold
0.466,18,0,compact,128,0.0833333,0.534773,0.100952,0.534773,meets_threshold
0.466,18,1,full,1536,1,1,,,below_threshold
0.466,18,2,full,1536,1,1,,,below_threshold
0.466,18,3,full,1536,1,1,,,below_threshold
0.466,18,4,full,1536,1,1,,,below_threshold
0.466,18,5,full,1536,1,1,,,below_threshold
0.466,18,6,full,1536,1,1,,,below_threshold
0.466,18,7,full,1536,1,1,,,below_threshold
0.466,19,0,full,1536,1,1,,,below_threshold
0.466,19,1,full,1536,1,1,,,below_threshold
0.466,19,2,full,1536,1,1,,,below_threshold
0.466,19,3,full,1536,1,1,,,below_threshold
0.466,19,4,full,1536,1,1,,,below_threshold
0.466,19,5,full,1536,1,1,,,below_threshold
0.466,19,6,full,1536,1,1,,,below_threshold
0.466,19,7,full,1536,1,1,,,below_threshold
0.466,20,0,full,1536,1,1,,,below_threshold
0.466,20,1,full,1536,1,1,,,below_threshold
0.466,20,2,compact,256,0.166667,0.452199,0.151074,0.452199,meets_threshold
0.466,20,3,full,1536,1,1,,,below_threshold
0.466,20,4,full,1536,1,1,,,below_threshold
0.466,20,5,full,1536,1,1,,,below_threshold
0.466,20,6,full,1536,1,1,,,below_threshold
0.466,20,7,full,1536,1,1,,,below_threshold
0.466,21,0,full,1536,1,1,,,below_threshold
0.466,21,1,full,1536,1,1,,,below_threshold
0.466,21,2,full,1536,1,1,,,below_threshold
0.466,21,3,full,1536,1,1,,,below_threshold
0.466,21,4,full,1536,1,1,,,below_threshold
0.466,21,5,full,1536,1,1,,,below_threshold
0.466,21,6,full,1536,1,1,,,below_threshold
0.466,21,7,full,1536,1,1,,,below_threshold
0.466,22,0,full,1536,1,1,,,constrained_out
0.466,22,1,compact,64,0.0416667,0.454562,-0.62248,0.454562,meets_threshold
0.466,22,2,full,1536,1,1,,,below_threshold
0.466,22,3,full,1536,1,1,,,below_threshold
0.466,22,4,full,1536,1,1,,,below_threshold
0.466,22,5,full,1536,1,1,,,below_threshold
0.466,22,6,full,1536,1,1,,,below_threshold
0.466,22,7,full,1536,1,1,,,below_threshold
0.466,23,0,full,1536,1,1,,,below_threshold
0.466,23,1,full,1536,1,1,,,below_threshold
0.466,23,2,full,1536,1,1,,,below_threshold
0.466,23,3,full,1536,1,1,,,below_threshold
0.466,23,4,full,1536,1,1,,,below_threshold
0.466,23,5,full,1536,1,1,,,below_threshold
0.466,23,6,full,1536,1,1,,,below_threshold
0.466,23,7,compact,256,0.166667,0.498822,0.292175,0.498822,meets_threshold
0.466,24,0,full,1536,1,1,,,below_threshold
0.466,24,1,full,1536,1,1,,,below_threshold
0.466,24,2,compact,256,0.166667,0.47761,0.105962,0.47761,meets_threshold
0.466,24,3,full,1536,1,1,,,below_threshold
0.466,24,4,full,1536,1,1,,,below_threshold
0.466,24,5,full,1536,1,1,,,constrained_out
0.466,24,6,full,1536,1,1,,,below_threshold
0.466,24,7,full,1536,1,1,,,below_threshold
0.466,25,0,full,1536,1,1,,,below_threshold
0.466,25,1,full,1536,1,1,,,below_threshold
0.466,25,2,full,1536,1,1,,,below_threshold
0.466,25,3,full,1536,1,1,,,drop_l25_h3
0.466,25,4,full,1536,1,1,,,below_threshold
0.466,25,5,full,1536,1,1,,,constrained_out
0.466,25,6,full,1536,1,1,,,constrained_out
0.466,25,7,full,1536,1,1,,,below_threshold
0.466,26,0,full,1536,1,1,,,below_threshold
0.466,26,1,compact,128,0.0833333,0.495451,-0.859776,0.495451,meets_threshold
0.466,26,2,full,1536,1,1,,,below_threshold
0.466,26,3,full,1536,1,1,,,constrained_out
0.466,26,4,full,1536,1,1,,,below_threshold
0.466,26,5,full,1536,1,1,,,constrained_out
0.466,26,6,full,1536,1,1,,,below_threshold
0.466,26,7,full,1536,1,1,,,constrained_out
0.466,27,0,full,1536,1,1,,,below_threshold
0.466,27,1,full,1536,1,1,,,below_threshold
0.466,27,2,full,1536,1,1,,,below_threshold
0.466,27,3,full,1536,1,1,,,below_threshold
0.466,27,4,full,1536,1,1,,,below_threshold
0.466,27,5,full,1536,1,1,,,below_threshold
0.466,27,6,full,1536,1,1,,,below_threshold
0.466,27,7,full,1536,1,1,,,below_threshold
0.467,0,0,full,1536,1,1,,,below_threshold
0.467,0,1,full,1536,1,1,,,below_threshold
0.467,0,2,full,1536,1,1,,,below_threshold
0.467,0,3,full,1536,1,1,,,below_threshold
0.467,0,4,full,1536,1,1,,,below_threshold
0.467,0,5,full,1536,1,1,,,below_threshold
0.467,0,6,full,1536,1,1,,,below_threshold
0.467,0,7,full,1536,1,1,,,below_threshold
0.467,1,0,full,1536,1,1,,,below_threshold
0.467,1,1,full,1536,1,1,,,below_threshold
0.467,1,2,full,1536,1,1,,,below_threshold
0.467,1,3,full,1536,1,1,,,below_threshold
0.467,1,4,full,1536,1,1,,,below_threshold
0.467,1,5,full,1536,1,1,,,below_threshold
0.467,1,6,full,1536,1,1,,,below_threshold
0.467,1,7,full,1536,1,1,,,below_threshold
0.467,2,0,full,1536,1,1,,,below_threshold
0.467,2,1,full,1536,1,1,,,below_threshold
0.467,2,2,full,1536,1,1,,,below_threshold
0.467,2,3,full,1536,1,1,,,below_threshold
0.467,2,4,full,1536,1,1,,,below_threshold
0.467,2,5,full,1536,1,1,,,constrained_out
0.467,2,6,full,1536,1,1,,,below_threshold
0.467,2,7,compact,128,0.0833333,0.517556,-0.185784,0.517556,meets_threshold
0.467,3,0,compact,64,0.0416667,0.477479,-1.31255,0.477479,meets_threshold
0.467,3,1,full,1536,1,1,,,below_threshold
0.467,3,2,full,1536,1,1,,,below_threshold
0.467,3,3,full,1536,1,1,,,below_threshold
0.467,3,4,full,1536,1,1,,,below_threshold
0.467,3,5,full,1536,1,1,,,below_threshold
0.467,3,6,full,1536,1,1,,,constrained_out
0.467,3,7,full,1536,1,1,,,constrained_out
0.467,4,0,full,1536,1,1,,,below_threshold
0.467,4,1,full,1536,1,1,,,below_threshold
0.467,4,2,full,1536,1,1,,,below_threshold
0.467,4,3,full,1536,1,1,,,below_threshold
0.467,4,4,full,1536,1,1,,,below_threshold
0.467,4,5,full,1536,1,1,,,below_threshold
0.467,4,6,compact,256,0.166667,0.472774,0.333632,0.472774,meets_threshold
0.467,4,7,full,1536,1,1,,,below_threshold
0.467,5,0,full,1536,1,1,,,below_threshold
0.467,5,1,full,1536,1,1,,,below_threshold
0.467,5,2,compact,128,0.0833333,0.478574,-0.0711887,0.478574,meets_threshold
0.467,5,3,full,1536,1,1,,,below_threshold
0.467,5,4,full,1536,1,1,,,below_threshold
0.467,5,5,full,1536,1,1,,,below_threshold
0.467,5,6,full,1536,1,1,,,below_threshold
0.467,5,7,full,1536,1,1,,,below_threshold
0.467,6,0,full,1536,1,1,,,below_threshold
0.467,6,1,full,1536,1,1,,,below_threshold
0.467,6,2,full,1536,1,1,,,below_threshold
0.467,6,3,full,1536,1,1,,,below_threshold
0.467,6,4,full,1536,1,1,,,below_threshold
0.467,6,5,full,1536,1,1,,,below_threshold
0.467,6,6,full,1536,1,1,,,below_threshold
0.467,6,7,compact,64,0.0416667,0.586239,-0.703545,0.586239,meets_threshold
0.467,7,0,full,1536,1,1,,,below_threshold
0.467,7,1,full,1536,1,1,,,below_threshold
0.467,7,2,full,1536,1,1,,,below_threshold
0.467,7,3,full,1536,1,1,,,below_threshold
0.467,7,4,full,1536,1,1,,,below_threshold
0.467,7,5,full,1536,1,1,,,below_threshold
0.467,7,6,full,1536,1,1,,,below_threshold
0.467,7,7,full,1536,1,1,,,below_threshold
0.467,8,0,full,1536,1,1,,,below_threshold
0.467,8,1,compact,128,0.0833333,0.472067,-0.142711,0.472067,meets_threshold
0.467,8,2,full,1536,1,1,,,below_threshold
0.467,8,3,full,1536,1,1,,,below_threshold
0.467,8,4,full,1536,1,1,,,below_threshold
0.467,8,5,full,1536,1,1,,,below_threshold
0.467,8,6,full,1536,1,1,,,below_threshold
0.467,8,7,full,1536,1,1,,,below_threshold
0.467,9,0,full,1536,1,1,,,below_threshold
0.467,9,1,compact,128,0.0833333,0.485147,-0.304665,0.485147,meets_threshold
0.467,9,2,full,1536,1,1,,,below_threshold
0.467,9,3,full,1536,1,1,,,below_threshold
0.467,9,4,full,1536,1,1,,,below_threshold
0.467,9,5,full,1536,1,1,,,below_threshold
0.467,9,6,full,1536,1,1,,,below_threshold
0.467,9,7,full,1536,1,1,,,below_threshold
0.467,10,0,full,1536,1,1,,,below_threshold
0.467,10,1,full,1536,1,1,,,below_threshold
0.467,10,2,full,1536,1,1,,,below_threshold
0.467,10,3,compact,128,0.0833333,0.456578,-0.885916,0.456578,meets_threshold
0.467,10,4,full,1536,1,1,,,below_threshold
0.467,10,5,full,1536,1,1,,,below_threshold
0.467,10,6,full,1536,1,1,,,below_threshold
0.467,10,7,full,1536,1,1,,,below_threshold
0.467,11,0,full,1536,1,1,,,below_threshold
0.467,11,1,full,1536,1,1,,,below_threshold
0.467,11,2,compact,128,0.0833333,0.47891,0.0805184,0.47891,meets_threshold
0.467,11,3,full,1536,1,1,,,below_threshold
0.467,11,4,full,1536,1,1,,,below_threshold
0.467,11,5,full,1536,1,1,,,below_threshold
0.467,11,6,full,1536,1,1,,,below_threshold
0.467,11,7,full,1536,1,1,,,below_threshold
0.467,12,0,full,1536,1,1,,,below_threshold
0.467,12,1,full,1536,1,1,,,below_threshold
0.467,12,2,full,1536,1,1,,,below_threshold
0.467,12,3,full,1536,1,1,,,below_threshold
0.467,12,4,full,1536,1,1,,,below_threshold
0.467,12,5,full,1536,1,1,,,below_threshold
0.467,12,6,full,1536,1,1,,,below_threshold
0.467,12,7,full,1536,1,1,,,below_threshold
0.467,13,0,full,1536,1,1,,,below_threshold
0.467,13,1,full,1536,1,1,,,below_threshold
0.467,13,2,full,1536,1,1,,,below_threshold
0.467,13,3,full,1536,1,1,,,below_threshold
0.467,13,4,full,1536,1,1,,,below_threshold
0.467,13,5,full,1536,1,1,,,below_threshold
0.467,13,6,full,1536,1,1,,,below_threshold
0.467,13,7,full,1536,1,1,,,below_threshold
0.467,14,0,full,1536,1,1,,,below_threshold
0.467,14,1,full,1536,1,1,,,below_threshold
0.467,14,2,full,1536,1,1,,,below_threshold
0.467,14,3,full,1536,1,1,,,below_threshold
0.467,14,4,full,1536,1,1,,,below_threshold
0.467,14,5,compact,256,0.166667,0.453655,0.202406,0.453655,meets_threshold
0.467,14,6,full,1536,1,1,,,below_threshold
0.467,14,7,full,1536,1,1,,,below_threshold
0.467,15,0,full,1536,1,1,,,below_threshold
0.467,15,1,full,1536,1,1,,,below_threshold
0.467,15,2,full,1536,1,1,,,below_threshold
0.467,15,3,full,1536,1,1,,,below_threshold
0.467,15,4,full,1536,1,1,,,below_threshold
0.467,15,5,full,1536,1,1,,,below_threshold
0.467,15,6,full,1536,1,1,,,below_threshold
0.467,15,7,full,1536,1,1,,,below_threshold
0.467,16,0,full,1536,1,1,,,below_threshold
0.467,16,1,full,1536,1,1,,,below_threshold
0.467,16,2,full,1536,1,1,,,below_threshold
0.467,16,3,full,1536,1,1,,,below_threshold
0.467,16,4,full,1536,1,1,,,below_threshold
0.467,16,5,full,1536,1,1,,,below_threshold
0.467,16,6,full,1536,1,1,,,below_threshold
0.467,16,7,full,1536,1,1,,,below_threshold
0.467,17,0,full,1536,1,1,,,below_threshold
0.467,17,1,full,1536,1,1,,,below_threshold
0.467,17,2,full,1536,1,1,,,below_threshold
0.467,17,3,full,1536,1,1,,,below_threshold
0.467,17,4,full,1536,1,1,,,below_threshold
0.467,17,5,full,1536,1,1,,,below_threshold
0.467,17,6,full,1536,1,1,,,below_threshold
0.467,17,7,full,1536,1,1,,,below_threshold
0.467,18,0,compact,128,0.0833333,0.534773,0.100952,0.534773,meets_threshold
0.467,18,1,full,1536,1,1,,,below_threshold
0.467,18,2,full,1536,1,1,,,below_threshold
0.467,18,3,full,1536,1,1,,,below_threshold
0.467,18,4,full,1536,1,1,,,below_threshold
0.467,18,5,full,1536,1,1,,,below_threshold
0.467,18,6,full,1536,1,1,,,below_threshold
0.467,18,7,full,1536,1,1,,,below_threshold
0.467,19,0,full,1536,1,1,,,below_threshold
0.467,19,1,full,1536,1,1,,,below_threshold
0.467,19,2,full,1536,1,1,,,below_threshold
0.467,19,3,full,1536,1,1,,,below_threshold
0.467,19,4,full,1536,1,1,,,below_threshold
0.467,19,5,full,1536,1,1,,,below_threshold
0.467,19,6,full,1536,1,1,,,below_threshold
0.467,19,7,full,1536,1,1,,,below_threshold
0.467,20,0,full,1536,1,1,,,below_threshold
0.467,20,1,full,1536,1,1,,,below_threshold
0.467,20,2,compact,256,0.166667,0.452199,0.151074,0.452199,meets_threshold
0.467,20,3,full,1536,1,1,,,below_threshold
0.467,20,4,full,1536,1,1,,,below_threshold
0.467,20,5,full,1536,1,1,,,below_threshold
0.467,20,6,full,1536,1,1,,,below_threshold
0.467,20,7,full,1536,1,1,,,below_threshold
0.467,21,0,full,1536,1,1,,,below_threshold
0.467,21,1,full,1536,1,1,,,below_threshold
0.467,21,2,full,1536,1,1,,,below_threshold
0.467,21,3,full,1536,1,1,,,below_threshold
0.467,21,4,full,1536,1,1,,,below_threshold
0.467,21,5,full,1536,1,1,,,below_threshold
0.467,21,6,full,1536,1,1,,,below_threshold
0.467,21,7,full,1536,1,1,,,below_threshold
0.467,22,0,full,1536,1,1,,,constrained_out
0.467,22,1,compact,64,0.0416667,0.454562,-0.62248,0.454562,meets_threshold
0.467,22,2,full,1536,1,1,,,below_threshold
0.467,22,3,full,1536,1,1,,,below_threshold
0.467,22,4,full,1536,1,1,,,below_threshold
0.467,22,5,full,1536,1,1,,,below_threshold
0.467,22,6,full,1536,1,1,,,below_threshold
0.467,22,7,full,1536,1,1,,,below_threshold
0.467,23,0,full,1536,1,1,,,below_threshold
0.467,23,1,full,1536,1,1,,,below_threshold
0.467,23,2,full,1536,1,1,,,below_threshold
0.467,23,3,full,1536,1,1,,,below_threshold
0.467,23,4,full,1536,1,1,,,below_threshold
0.467,23,5,full,1536,1,1,,,below_threshold
0.467,23,6,full,1536,1,1,,,below_threshold
0.467,23,7,compact,256,0.166667,0.498822,0.292175,0.498822,meets_threshold
0.467,24,0,full,1536,1,1,,,below_threshold
0.467,24,1,full,1536,1,1,,,below_threshold
0.467,24,2,compact,256,0.166667,0.47761,0.105962,0.47761,meets_threshold
0.467,24,3,full,1536,1,1,,,below_threshold
0.467,24,4,full,1536,1,1,,,below_threshold
0.467,24,5,full,1536,1,1,,,constrained_out
0.467,24,6,full,1536,1,1,,,below_threshold
0.467,24,7,full,1536,1,1,,,below_threshold
0.467,25,0,full,1536,1,1,,,below_threshold
0.467,25,1,full,1536,1,1,,,below_threshold
0.467,25,2,full,1536,1,1,,,below_threshold
0.467,25,3,compact,128,0.0833333,0.481239,-0.0662971,0.481239,meets_threshold
0.467,25,4,full,1536,1,1,,,below_threshold
0.467,25,5,full,1536,1,1,,,constrained_out
0.467,25,6,full,1536,1,1,,,constrained_out
0.467,25,7,full,1536,1,1,,,below_threshold
0.467,26,0,full,1536,1,1,,,below_threshold
0.467,26,1,full,1536,1,1,,,drop_l26_h1
0.467,26,2,full,1536,1,1,,,below_threshold
0.467,26,3,full,1536,1,1,,,constrained_out
0.467,26,4,full,1536,1,1,,,below_threshold
0.467,26,5,full,1536,1,1,,,constrained_out
0.467,26,6,full,1536,1,1,,,below_threshold
0.467,26,7,full,1536,1,1,,,constrained_out
0.467,27,0,full,1536,1,1,,,below_threshold
0.467,27,1,full,1536,1,1,,,below_threshold
0.467,27,2,full,1536,1,1,,,below_threshold
0.467,27,3,full,1536,1,1,,,below_threshold
0.467,27,4,full,1536,1,1,,,below_threshold
0.467,27,5,full,1536,1,1,,,below_threshold
0.467,27,6,full,1536,1,1,,,below_threshold
0.467,27,7,full,1536,1,1,,,below_threshold
